order_month,region,category,order_count,units_sold,total_revenue,total_gross_margin,margin_pct
2024-01-01,Midwest,Apparel,46,136,28897.51,18354.88,63.52
2024-01-01,Midwest,Beauty,41,113,24810.48,17337.35,69.88
2024-01-01,Midwest,Books,60,179,38569.24,24881.99,64.51
2024-01-01,Midwest,Electronics,29,79,14016.73,8469.43,60.42
2024-01-01,Midwest,Grocery,34,104,16948.80,8915.23,52.60
2024-01-01,Midwest,Home & Kitchen,45,135,21495.59,13777.04,64.09
2024-01-01,Midwest,Office Supplies,34,118,20708.18,11970.83,57.81
2024-01-01,Midwest,Pet Supplies,48,162,44399.82,32896.13,74.09
2024-01-01,Midwest,Sports & Outdoors,29,76,19236.43,16360.10,85.05
2024-01-01,Midwest,Toys,46,130,22521.93,13763.50,61.11
2024-01-01,Northeast,Apparel,37,101,15457.94,8174.87,52.88
2024-01-01,Northeast,Beauty,28,89,19485.43,14316.19,73.47
2024-01-01,Northeast,Books,51,160,33322.04,20200.15,60.62
2024-01-01,Northeast,Electronics,25,72,12006.38,7482.57,62.32
2024-01-01,Northeast,Grocery,33,99,20747.57,13118.01,63.23
2024-01-01,Northeast,Home & Kitchen,39,96,20206.12,14897.78,73.73
2024-01-01,Northeast,Office Supplies,26,80,20066.72,13816.02,68.85
2024-01-01,Northeast,Pet Supplies,50,163,38743.66,26163.99,67.53
2024-01-01,Northeast,Sports & Outdoors,21,64,14526.64,10901.94,75.05
2024-01-01,Northeast,Toys,40,116,20974.67,13776.81,65.68
2024-01-01,Southeast,Apparel,35,92,18157.25,11921.30,65.66
2024-01-01,Southeast,Beauty,37,93,18645.58,11601.23,62.22
2024-01-01,Southeast,Books,50,136,23829.03,10726.97,45.02
2024-01-01,Southeast,Electronics,41,134,29227.85,17739.53,60.69
2024-01-01,Southeast,Grocery,24,63,11707.45,6948.26,59.35
2024-01-01,Southeast,Home & Kitchen,38,119,17870.12,10505.84,58.79
2024-01-01,Southeast,Office Supplies,35,105,21863.43,14928.35,68.28
2024-01-01,Southeast,Pet Supplies,35,96,25061.40,17063.49,68.09
2024-01-01,Southeast,Sports & Outdoors,31,92,26031.28,22578.69,86.74
2024-01-01,Southeast,Toys,47,141,28094.32,18900.27,67.27
2024-01-01,Southwest,Apparel,41,117,24880.95,16624.32,66.82
2024-01-01,Southwest,Beauty,36,114,25399.45,20848.74,82.08
2024-01-01,Southwest,Books,81,240,46013.02,26613.74,57.84
2024-01-01,Southwest,Electronics,35,101,20701.14,13857.81,66.94
2024-01-01,Southwest,Grocery,34,100,12806.76,3081.89,24.06
2024-01-01,Southwest,Home & Kitchen,56,174,33140.52,22628.58,68.28
2024-01-01,Southwest,Office Supplies,31,92,21455.68,15288.62,71.26
2024-01-01,Southwest,Pet Supplies,52,152,39828.41,29190.79,73.29
2024-01-01,Southwest,Sports & Outdoors,35,119,35390.85,30505.48,86.20
2024-01-01,Southwest,Toys,41,112,20982.58,13455.23,64.13
2024-01-01,West,Apparel,43,129,24509.23,17013.73,69.42
2024-01-01,West,Beauty,44,143,31230.25,24166.22,77.38
2024-01-01,West,Books,72,219,45203.44,28475.47,62.99
2024-01-01,West,Electronics,27,70,12347.92,7951.83,64.40
2024-01-01,West,Grocery,41,125,24606.22,14803.84,60.16
2024-01-01,West,Home & Kitchen,37,96,18062.50,12012.91,66.51
2024-01-01,West,Office Supplies,24,81,17910.56,12044.75,67.25
2024-01-01,West,Pet Supplies,42,120,32192.04,24010.30,74.58
2024-01-01,West,Sports & Outdoors,32,100,24939.68,20554.10,82.42
2024-01-01,West,Toys,46,131,23157.70,13712.13,59.21
2024-02-01,Midwest,Apparel,30,84,15388.67,10257.60,66.66
2024-02-01,Midwest,Beauty,37,118,25858.09,17913.67,69.28
2024-02-01,Midwest,Books,67,210,38568.62,22412.90,58.11
2024-02-01,Midwest,Electronics,39,113,21034.57,12214.40,58.07
2024-02-01,Midwest,Grocery,24,72,16940.42,11308.00,66.75
2024-02-01,Midwest,Home & Kitchen,52,144,29300.32,19914.36,67.97
2024-02-01,Midwest,Office Supplies,27,85,16494.62,10295.63,62.42
2024-02-01,Midwest,Pet Supplies,36,115,29151.69,19847.39,68.08
2024-02-01,Midwest,Sports & Outdoors,24,81,19271.71,15309.81,79.44
2024-02-01,Midwest,Toys,25,92,16771.42,10550.82,62.91
2024-02-01,Northeast,Apparel,36,114,17759.56,10700.93,60.25
2024-02-01,Northeast,Beauty,47,140,29253.32,21827.10,74.61
2024-02-01,Northeast,Books,57,173,29536.57,15456.65,52.33
2024-02-01,Northeast,Electronics,26,79,14031.76,7306.13,52.07
2024-02-01,Northeast,Grocery,19,57,12218.58,7532.49,61.65
2024-02-01,Northeast,Home & Kitchen,39,119,18988.79,11555.40,60.85
2024-02-01,Northeast,Office Supplies,31,100,19234.26,11039.99,57.40
2024-02-01,Northeast,Pet Supplies,48,135,35733.64,24282.90,67.96
2024-02-01,Northeast,Sports & Outdoors,20,60,17095.05,14103.97,82.50
2024-02-01,Northeast,Toys,41,147,23585.01,13335.72,56.54
2024-02-01,Southeast,Apparel,43,133,27819.50,16244.81,58.39
2024-02-01,Southeast,Beauty,30,81,19274.27,15264.11,79.19
2024-02-01,Southeast,Books,55,171,26246.04,13090.74,49.88
2024-02-01,Southeast,Electronics,26,89,19460.31,12106.88,62.21
2024-02-01,Southeast,Grocery,29,77,14122.90,7282.45,51.56
2024-02-01,Southeast,Home & Kitchen,37,113,20491.80,13524.72,66.00
2024-02-01,Southeast,Office Supplies,20,62,11772.85,7701.98,65.42
2024-02-01,Southeast,Pet Supplies,24,71,18728.05,13837.75,73.89
2024-02-01,Southeast,Sports & Outdoors,22,65,16839.46,14079.30,83.61
2024-02-01,Southeast,Toys,44,137,25788.43,15688.79,60.84
2024-02-01,Southwest,Apparel,38,111,18913.06,11517.44,60.90
2024-02-01,Southwest,Beauty,55,179,36908.15,25256.73,68.43
2024-02-01,Southwest,Books,58,206,39189.57,23045.08,58.80
2024-02-01,Southwest,Electronics,32,103,24881.20,18514.82,74.41
2024-02-01,Southwest,Grocery,29,89,18907.62,12635.22,66.83
2024-02-01,Southwest,Home & Kitchen,45,137,25800.87,16954.84,65.71
2024-02-01,Southwest,Office Supplies,40,128,20974.02,11707.94,55.82
2024-02-01,Southwest,Pet Supplies,39,128,35228.86,25049.15,71.10
2024-02-01,Southwest,Sports & Outdoors,18,49,13389.73,11314.45,84.50
2024-02-01,Southwest,Toys,40,125,18320.47,10759.43,58.73
2024-02-01,West,Apparel,43,122,23671.53,15051.61,63.59
2024-02-01,West,Beauty,51,153,30424.23,18401.14,60.48
2024-02-01,West,Books,56,176,37219.79,23768.13,63.86
2024-02-01,West,Electronics,23,72,13561.19,7455.99,54.98
2024-02-01,West,Grocery,33,92,22921.55,16370.44,71.42
2024-02-01,West,Home & Kitchen,42,124,20615.72,15069.61,73.10
2024-02-01,West,Office Supplies,29,84,16671.35,11117.04,66.68
2024-02-01,West,Pet Supplies,51,153,38529.08,25737.60,66.80
2024-02-01,West,Sports & Outdoors,33,92,22413.15,17689.96,78.93
2024-02-01,West,Toys,44,136,20378.56,9490.21,46.57
2024-03-01,Midwest,Apparel,52,170,36229.38,26346.82,72.72
2024-03-01,Midwest,Beauty,52,162,35904.66,26099.56,72.69
2024-03-01,Midwest,Books,69,216,41863.20,24831.97,59.32
2024-03-01,Midwest,Electronics,36,109,17973.85,10641.23,59.20
2024-03-01,Midwest,Grocery,35,107,21213.98,12713.07,59.93
2024-03-01,Midwest,Home & Kitchen,52,173,29522.53,17770.87,60.19
2024-03-01,Midwest,Office Supplies,32,99,19423.53,13167.77,67.79
2024-03-01,Midwest,Pet Supplies,47,137,35592.20,25285.56,71.04
2024-03-01,Midwest,Sports & Outdoors,24,68,17862.92,14660.31,82.07
2024-03-01,Midwest,Toys,49,152,29549.29,16772.41,56.76
2024-03-01,Northeast,Apparel,35,112,21079.30,15153.00,71.89
2024-03-01,Northeast,Beauty,46,138,26680.58,17921.72,67.17
2024-03-01,Northeast,Books,50,145,28854.41,18220.54,63.15
2024-03-01,Northeast,Electronics,20,64,13121.07,8128.85,61.95
2024-03-01,Northeast,Grocery,35,92,18563.48,11411.50,61.47
2024-03-01,Northeast,Home & Kitchen,43,137,24965.94,17292.70,69.27
2024-03-01,Northeast,Office Supplies,24,80,16798.57,10384.38,61.82
2024-03-01,Northeast,Pet Supplies,46,135,35232.18,23813.10,67.59
2024-03-01,Northeast,Sports & Outdoors,28,71,18390.00,15017.28,81.66
2024-03-01,Northeast,Toys,39,117,17298.59,10834.14,62.63
2024-03-01,Southeast,Apparel,40,112,21771.21,13962.69,64.13
2024-03-01,Southeast,Beauty,36,127,29511.11,21692.70,73.51
2024-03-01,Southeast,Books,50,128,23490.12,12034.80,51.23
2024-03-01,Southeast,Electronics,36,113,26038.05,17832.26,68.49
2024-03-01,Southeast,Grocery,34,99,20557.46,12882.79,62.67
2024-03-01,Southeast,Home & Kitchen,39,107,20869.96,13468.05,64.53
2024-03-01,Southeast,Office Supplies,40,117,20207.57,11792.56,58.36
2024-03-01,Southeast,Pet Supplies,46,135,31279.07,20147.42,64.41
2024-03-01,Southeast,Sports & Outdoors,17,42,13348.86,11366.10,85.15
2024-03-01,Southeast,Toys,40,125,21321.40,13021.13,61.07
2024-03-01,Southwest,Apparel,37,91,18018.67,10856.91,60.25
2024-03-01,Southwest,Beauty,54,167,37893.24,26650.68,70.33
2024-03-01,Southwest,Books,61,182,29865.81,15998.47,53.57
2024-03-01,Southwest,Electronics,38,117,26970.10,16279.37,60.36
2024-03-01,Southwest,Grocery,41,121,23983.71,13625.27,56.81
2024-03-01,Southwest,Home & Kitchen,51,162,32093.96,22899.66,71.35
2024-03-01,Southwest,Office Supplies,35,111,21617.02,12214.43,56.50
2024-03-01,Southwest,Pet Supplies,52,161,42909.52,30300.50,70.61
2024-03-01,Southwest,Sports & Outdoors,27,87,25075.66,21921.25,87.42
2024-03-01,Southwest,Toys,48,142,22877.23,12279.66,53.68
2024-03-01,West,Apparel,42,131,23334.57,14129.61,60.55
2024-03-01,West,Beauty,53,179,37406.80,26265.59,70.22
2024-03-01,West,Books,67,217,41937.03,26811.65,63.93
2024-03-01,West,Electronics,42,110,20641.64,12875.55,62.38
2024-03-01,West,Grocery,28,83,13092.15,6219.30,47.50
2024-03-01,West,Home & Kitchen,46,115,19472.13,10310.06,52.95
2024-03-01,West,Office Supplies,40,126,23921.29,14491.76,60.58
2024-03-01,West,Pet Supplies,51,139,33021.14,22333.81,67.63
2024-03-01,West,Sports & Outdoors,21,61,16857.23,14175.59,84.09
2024-03-01,West,Toys,50,152,29950.27,19618.26,65.50
2024-04-01,Midwest,Apparel,33,100,17771.00,11074.44,62.32
2024-04-01,Midwest,Beauty,35,99,22316.04,16922.70,75.83
2024-04-01,Midwest,Books,55,161,22345.25,8432.40,37.74
2024-04-01,Midwest,Electronics,34,100,21751.74,14171.26,65.15
2024-04-01,Midwest,Grocery,26,83,13621.00,6587.62,48.36
2024-04-01,Midwest,Home & Kitchen,48,133,25939.48,18491.46,71.29
2024-04-01,Midwest,Office Supplies,21,68,12099.15,6616.46,54.69
2024-04-01,Midwest,Pet Supplies,52,163,42218.06,31608.65,74.87
2024-04-01,Midwest,Sports & Outdoors,24,82,24227.68,21156.95,87.33
2024-04-01,Midwest,Toys,49,153,23504.63,12851.76,54.68
2024-04-01,Northeast,Apparel,28,76,12433.31,7824.67,62.93
2024-04-01,Northeast,Beauty,41,140,32168.09,23799.09,73.98
2024-04-01,Northeast,Books,63,206,36400.22,20004.63,54.96
2024-04-01,Northeast,Electronics,20,51,13065.38,8667.55,66.34
2024-04-01,Northeast,Grocery,34,102,23513.36,15768.65,67.06
2024-04-01,Northeast,Home & Kitchen,53,144,26224.51,18703.36,71.32
2024-04-01,Northeast,Office Supplies,27,83,20937.97,14719.05,70.30
2024-04-01,Northeast,Pet Supplies,30,98,24658.72,16797.28,68.12
2024-04-01,Northeast,Sports & Outdoors,24,68,19302.88,17231.14,89.27
2024-04-01,Northeast,Toys,33,89,18678.29,12431.55,66.56
2024-04-01,Southeast,Apparel,29,83,16963.51,10743.11,63.33
2024-04-01,Southeast,Beauty,39,99,22476.67,18031.97,80.23
2024-04-01,Southeast,Books,58,158,30362.65,16350.75,53.85
2024-04-01,Southeast,Electronics,41,120,21241.43,14427.27,67.92
2024-04-01,Southeast,Grocery,32,100,20033.99,11207.56,55.94
2024-04-01,Southeast,Home & Kitchen,52,158,30467.50,21570.44,70.80
2024-04-01,Southeast,Office Supplies,26,68,11090.94,6289.56,56.71
2024-04-01,Southeast,Pet Supplies,33,99,26360.04,19658.91,74.58
2024-04-01,Southeast,Sports & Outdoors,23,69,21184.41,18803.26,88.76
2024-04-01,Southeast,Toys,31,97,12189.99,5530.74,45.37
2024-04-01,Southwest,Apparel,43,149,28591.04,18064.55,63.18
2024-04-01,Southwest,Beauty,46,140,30363.60,20842.28,68.64
2024-04-01,Southwest,Books,86,265,49381.20,29881.53,60.51
2024-04-01,Southwest,Electronics,37,105,21345.93,14394.83,67.44
2024-04-01,Southwest,Grocery,37,119,22057.40,10980.62,49.78
2024-04-01,Southwest,Home & Kitchen,38,115,22529.79,15893.18,70.54
2024-04-01,Southwest,Office Supplies,28,95,20148.02,13601.28,67.51
2024-04-01,Southwest,Pet Supplies,50,138,38489.70,28057.89,72.90
2024-04-01,Southwest,Sports & Outdoors,17,54,16482.51,14642.11,88.83
2024-04-01,Southwest,Toys,41,131,21727.94,11321.36,52.11
2024-04-01,West,Apparel,44,123,24217.25,17248.89,71.23
2024-04-01,West,Beauty,45,133,29051.13,20700.32,71.25
2024-04-01,West,Books,45,148,27209.56,13814.30,50.77
2024-04-01,West,Electronics,32,88,15368.63,8084.39,52.60
2024-04-01,West,Grocery,34,105,23346.49,15733.96,67.39
2024-04-01,West,Home & Kitchen,41,130,21940.60,15068.63,68.68
2024-04-01,West,Office Supplies,20,53,12819.15,9422.48,73.50
2024-04-01,West,Pet Supplies,31,97,23557.77,15713.26,66.70
2024-04-01,West,Sports & Outdoors,26,77,21912.82,19077.63,87.06
2024-04-01,West,Toys,51,154,25229.84,15054.04,59.67
2024-05-01,Midwest,Apparel,38,107,18611.62,12071.50,64.86
2024-05-01,Midwest,Beauty,34,101,17350.09,9611.56,55.40
2024-05-01,Midwest,Books,60,184,30682.86,12981.27,42.31
2024-05-01,Midwest,Electronics,27,87,19278.73,12372.60,64.18
2024-05-01,Midwest,Grocery,30,98,17019.26,9028.20,53.05
2024-05-01,Midwest,Home & Kitchen,46,130,20966.00,14326.50,68.33
2024-05-01,Midwest,Office Supplies,30,96,21674.70,14296.15,65.96
2024-05-01,Midwest,Pet Supplies,32,94,22938.48,15615.67,68.08
2024-05-01,Midwest,Sports & Outdoors,25,73,17874.55,13990.83,78.27
2024-05-01,Midwest,Toys,52,143,27663.60,17542.03,63.41
2024-05-01,Northeast,Apparel,32,97,19683.84,12930.22,65.69
2024-05-01,Northeast,Beauty,43,129,30450.37,23053.22,75.71
2024-05-01,Northeast,Books,62,186,33338.64,16259.25,48.77
2024-05-01,Northeast,Electronics,38,105,16235.24,8692.52,53.54
2024-05-01,Northeast,Grocery,30,82,13794.29,6538.34,47.40
2024-05-01,Northeast,Home & Kitchen,51,187,34821.89,23916.45,68.68
2024-05-01,Northeast,Office Supplies,25,91,19305.97,12818.66,66.40
2024-05-01,Northeast,Pet Supplies,46,128,30044.85,21028.10,69.99
2024-05-01,Northeast,Sports & Outdoors,21,65,19455.35,16818.22,86.45
2024-05-01,Northeast,Toys,55,170,28417.14,16715.27,58.82
2024-05-01,Southeast,Apparel,45,131,29260.87,20592.97,70.38
2024-05-01,Southeast,Beauty,47,156,35022.45,26372.74,75.30
2024-05-01,Southeast,Books,73,212,43419.94,26007.56,59.90
2024-05-01,Southeast,Electronics,34,102,16941.63,11300.65,66.70
2024-05-01,Southeast,Grocery,37,120,24910.37,14041.26,56.37
2024-05-01,Southeast,Home & Kitchen,43,138,31706.63,22968.05,72.44
2024-05-01,Southeast,Office Supplies,38,116,26265.25,18136.20,69.05
2024-05-01,Southeast,Pet Supplies,46,135,33704.06,25093.69,74.45
2024-05-01,Southeast,Sports & Outdoors,16,49,14632.74,12409.11,84.80
2024-05-01,Southeast,Toys,51,150,28886.00,18890.84,65.40
2024-05-01,Southwest,Apparel,38,132,26834.94,18087.89,67.40
2024-05-01,Southwest,Beauty,50,162,34663.68,22212.91,64.08
2024-05-01,Southwest,Books,65,215,34813.32,16990.99,48.81
2024-05-01,Southwest,Electronics,35,108,15523.24,6068.04,39.09
2024-05-01,Southwest,Grocery,22,66,15327.02,11044.93,72.06
2024-05-01,Southwest,Home & Kitchen,48,164,28199.01,18122.83,64.27
2024-05-01,Southwest,Office Supplies,37,112,27714.94,20494.00,73.95
2024-05-01,Southwest,Pet Supplies,55,171,39865.88,27098.85,67.98
2024-05-01,Southwest,Sports & Outdoors,25,73,17888.92,14171.31,79.22
2024-05-01,Southwest,Toys,51,144,24940.10,15881.19,63.68
2024-05-01,West,Apparel,52,161,36222.06,24591.28,67.89
2024-05-01,West,Beauty,32,107,25500.83,20638.06,80.93
2024-05-01,West,Books,57,175,33281.76,20270.06,60.90
2024-05-01,West,Electronics,37,108,20945.38,11718.61,55.95
2024-05-01,West,Grocery,38,116,22039.01,12325.74,55.93
2024-05-01,West,Home & Kitchen,48,136,21420.53,13384.54,62.48
2024-05-01,West,Office Supplies,24,60,11680.89,6580.56,56.34
2024-05-01,West,Pet Supplies,49,173,42817.47,28918.41,67.54
2024-05-01,West,Sports & Outdoors,24,74,22206.06,20479.11,92.22
2024-05-01,West,Toys,42,116,20863.97,13226.81,63.40
2024-06-01,Midwest,Apparel,44,137,27239.17,18639.35,68.43
2024-06-01,Midwest,Beauty,38,112,25294.40,18212.15,72.00
2024-06-01,Midwest,Books,50,141,24212.92,13101.89,54.11
2024-06-01,Midwest,Electronics,44,120,24899.21,16703.80,67.09
2024-06-01,Midwest,Grocery,22,67,13365.03,7767.78,58.12
2024-06-01,Midwest,Home & Kitchen,55,179,29450.44,17979.57,61.05
2024-06-01,Midwest,Office Supplies,26,71,16093.41,10734.80,66.70
2024-06-01,Midwest,Pet Supplies,38,113,29854.65,20874.12,69.92
2024-06-01,Midwest,Sports & Outdoors,16,43,12379.97,11177.75,90.29
2024-06-01,Midwest,Toys,34,83,12278.80,6511.32,53.03
2024-06-01,Northeast,Apparel,34,96,16741.63,10269.63,61.34
2024-06-01,Northeast,Beauty,42,126,29313.53,22700.32,77.44
2024-06-01,Northeast,Books,46,139,22048.61,12405.24,56.26
2024-06-01,Northeast,Electronics,35,114,26405.50,17551.08,66.47
2024-06-01,Northeast,Grocery,19,58,9037.67,4638.55,51.32
2024-06-01,Northeast,Home & Kitchen,35,102,14775.27,9326.72,63.12
2024-06-01,Northeast,Office Supplies,24,71,16591.07,11534.84,69.52
2024-06-01,Northeast,Pet Supplies,51,177,43795.31,30747.21,70.21
2024-06-01,Northeast,Sports & Outdoors,21,66,19899.26,17776.97,89.33
2024-06-01,Northeast,Toys,33,101,15961.01,9150.83,57.33
2024-06-01,Southeast,Apparel,43,139,28348.97,20332.96,71.72
2024-06-01,Southeast,Beauty,45,146,31229.75,22382.61,71.67
2024-06-01,Southeast,Books,76,227,45333.79,28155.28,62.11
2024-06-01,Southeast,Electronics,39,119,21712.25,13115.94,60.41
2024-06-01,Southeast,Grocery,30,78,16838.31,10571.78,62.78
2024-06-01,Southeast,Home & Kitchen,42,115,18564.13,10974.01,59.11
2024-06-01,Southeast,Office Supplies,26,77,17736.06,12393.15,69.88
2024-06-01,Southeast,Pet Supplies,40,142,36477.11,27850.40,76.35
2024-06-01,Southeast,Sports & Outdoors,24,74,22592.58,19760.03,87.46
2024-06-01,Southeast,Toys,35,115,17692.66,8066.67,45.59
2024-06-01,Southwest,Apparel,47,133,21412.85,13013.47,60.77
2024-06-01,Southwest,Beauty,50,167,34080.65,24436.32,71.70
2024-06-01,Southwest,Books,66,201,42513.77,27996.39,65.85
2024-06-01,Southwest,Electronics,21,56,12351.99,7818.40,63.30
2024-06-01,Southwest,Grocery,27,83,15535.59,7969.56,51.30
2024-06-01,Southwest,Home & Kitchen,41,135,27444.12,17207.42,62.70
2024-06-01,Southwest,Office Supplies,21,63,13121.72,8331.66,63.50
2024-06-01,Southwest,Pet Supplies,52,154,41172.97,30596.98,74.31
2024-06-01,Southwest,Sports & Outdoors,27,72,21300.67,18535.59,87.02
2024-06-01,Southwest,Toys,47,133,22505.25,13086.49,58.15
2024-06-01,West,Apparel,33,100,18568.25,9861.93,53.11
2024-06-01,West,Beauty,38,113,23177.76,16286.15,70.27
2024-06-01,West,Books,60,185,32791.86,17906.03,54.61
2024-06-01,West,Electronics,29,83,14463.87,8612.23,59.54
2024-06-01,West,Grocery,41,118,24695.88,14590.21,59.08
2024-06-01,West,Home & Kitchen,38,112,23927.05,15449.23,64.57
2024-06-01,West,Office Supplies,34,113,25601.69,16485.49,64.39
2024-06-01,West,Pet Supplies,41,123,33648.76,24523.53,72.88
2024-06-01,West,Sports & Outdoors,22,69,20602.59,18140.02,88.05
2024-06-01,West,Toys,39,120,23747.47,15325.15,64.53
2024-07-01,Midwest,Apparel,39,126,24520.07,17238.64,70.30
2024-07-01,Midwest,Beauty,44,140,34216.34,28079.12,82.06
2024-07-01,Midwest,Books,63,187,36782.76,21477.88,58.39
2024-07-01,Midwest,Electronics,47,129,22392.53,13314.76,59.46
2024-07-01,Midwest,Grocery,42,124,23687.73,13207.73,55.76
2024-07-01,Midwest,Home & Kitchen,37,138,25321.67,16584.80,65.50
2024-07-01,Midwest,Office Supplies,38,107,27772.51,20388.16,73.41
2024-07-01,Midwest,Pet Supplies,48,142,37057.39,27991.48,75.54
2024-07-01,Midwest,Sports & Outdoors,30,93,28810.80,25706.25,89.22
2024-07-01,Midwest,Toys,46,142,32644.60,22100.08,67.70
2024-07-01,Northeast,Apparel,38,126,21452.25,13756.03,64.12
2024-07-01,Northeast,Beauty,36,101,24523.54,19245.76,78.48
2024-07-01,Northeast,Books,60,196,41668.54,23857.32,57.25
2024-07-01,Northeast,Electronics,30,93,20762.37,13421.89,64.65
2024-07-01,Northeast,Grocery,20,52,9062.98,4406.00,48.62
2024-07-01,Northeast,Home & Kitchen,50,140,27543.47,19086.84,69.30
2024-07-01,Northeast,Office Supplies,26,78,16759.21,11948.30,71.29
2024-07-01,Northeast,Pet Supplies,45,133,35817.90,26600.29,74.27
2024-07-01,Northeast,Sports & Outdoors,26,68,20196.68,17747.22,87.87
2024-07-01,Northeast,Toys,52,150,25024.43,15332.27,61.27
2024-07-01,Southeast,Apparel,36,92,18444.24,12221.08,66.26
2024-07-01,Southeast,Beauty,31,87,19949.28,14240.67,71.38
2024-07-01,Southeast,Books,59,177,32571.86,19415.25,59.61
2024-07-01,Southeast,Electronics,28,85,19401.05,12184.57,62.80
2024-07-01,Southeast,Grocery,32,92,16064.75,9688.65,60.31
2024-07-01,Southeast,Home & Kitchen,50,135,26108.68,19348.00,74.11
2024-07-01,Southeast,Office Supplies,24,70,16168.76,10681.08,66.06
2024-07-01,Southeast,Pet Supplies,49,150,34598.96,22574.48,65.25
2024-07-01,Southeast,Sports & Outdoors,17,55,15157.74,12420.71,81.94
2024-07-01,Southeast,Toys,42,119,20894.91,12635.40,60.47
2024-07-01,Southwest,Apparel,50,148,29894.09,18267.33,61.11
2024-07-01,Southwest,Beauty,45,126,31476.15,24858.30,78.98
2024-07-01,Southwest,Books,80,235,42754.56,26584.67,62.18
2024-07-01,Southwest,Electronics,45,160,34000.01,23363.59,68.72
2024-07-01,Southwest,Grocery,33,108,21909.42,14805.20,67.57
2024-07-01,Southwest,Home & Kitchen,35,96,17593.92,11532.71,65.55
2024-07-01,Southwest,Office Supplies,21,58,11570.98,7114.73,61.49
2024-07-01,Southwest,Pet Supplies,39,112,25130.59,15529.83,61.80
2024-07-01,Southwest,Sports & Outdoors,26,72,19173.95,16091.77,83.93
2024-07-01,Southwest,Toys,43,130,22903.99,15008.77,65.53
2024-07-01,West,Apparel,34,102,20604.53,12915.12,62.68
2024-07-01,West,Beauty,45,129,29768.18,21494.19,72.21
2024-07-01,West,Books,74,222,41662.16,22980.08,55.16
2024-07-01,West,Electronics,33,101,20515.95,12853.77,62.65
2024-07-01,West,Grocery,29,80,17697.26,12091.19,68.32
2024-07-01,West,Home & Kitchen,36,109,21579.66,13692.27,63.45
2024-07-01,West,Office Supplies,22,58,11789.75,8016.88,68.00
2024-07-01,West,Pet Supplies,55,164,35442.29,23954.00,67.59
2024-07-01,West,Sports & Outdoors,21,58,14432.68,12050.68,83.50
2024-07-01,West,Toys,47,144,28941.98,19607.50,67.75
2024-08-01,Midwest,Apparel,43,129,24635.00,16274.14,66.06
2024-08-01,Midwest,Beauty,53,154,34822.16,25268.00,72.56
2024-08-01,Midwest,Books,47,142,26287.19,16769.84,63.79
2024-08-01,Midwest,Electronics,28,94,22146.98,13973.27,63.09
2024-08-01,Midwest,Grocery,39,123,21553.70,11019.78,51.13
2024-08-01,Midwest,Home & Kitchen,43,141,27666.40,17882.61,64.64
2024-08-01,Midwest,Office Supplies,29,101,18252.53,10370.44,56.82
2024-08-01,Midwest,Pet Supplies,48,155,38940.64,28161.65,72.32
2024-08-01,Midwest,Sports & Outdoors,25,59,13370.62,11145.64,83.36
2024-08-01,Midwest,Toys,42,128,22310.77,14279.71,64.00
2024-08-01,Northeast,Apparel,42,133,29703.97,19987.38,67.29
2024-08-01,Northeast,Beauty,39,111,24069.45,17795.56,73.93
2024-08-01,Northeast,Books,63,186,36229.16,18065.58,49.86
2024-08-01,Northeast,Electronics,26,87,19663.99,12972.30,65.97
2024-08-01,Northeast,Grocery,34,117,23005.62,13985.34,60.79
2024-08-01,Northeast,Home & Kitchen,27,78,16847.41,10592.44,62.87
2024-08-01,Northeast,Office Supplies,25,82,16507.43,9881.88,59.86
2024-08-01,Northeast,Pet Supplies,37,117,29500.35,21235.04,71.98
2024-08-01,Northeast,Sports & Outdoors,20,63,14675.70,11203.27,76.34
2024-08-01,Northeast,Toys,44,119,17063.67,9004.12,52.77
2024-08-01,Southeast,Apparel,36,101,20976.59,13966.36,66.58
2024-08-01,Southeast,Beauty,33,103,19796.30,14539.96,73.45
2024-08-01,Southeast,Books,61,164,26092.70,14192.46,54.39
2024-08-01,Southeast,Electronics,37,117,20918.85,12097.04,57.83
2024-08-01,Southeast,Grocery,26,83,17935.96,11844.46,66.04
2024-08-01,Southeast,Home & Kitchen,38,108,22563.91,15358.95,68.07
2024-08-01,Southeast,Office Supplies,24,60,14104.62,9709.42,68.84
2024-08-01,Southeast,Pet Supplies,39,108,27277.99,21059.34,77.20
2024-08-01,Southeast,Sports & Outdoors,21,48,14911.36,12760.89,85.58
2024-08-01,Southeast,Toys,43,132,19019.42,9832.38,51.70
2024-08-01,Southwest,Apparel,60,190,31457.64,18193.49,57.83
2024-08-01,Southwest,Beauty,43,129,29814.11,22554.28,75.65
2024-08-01,Southwest,Books,62,185,31768.37,16249.34,51.15
2024-08-01,Southwest,Electronics,50,154,36574.01,24106.69,65.91
2024-08-01,Southwest,Grocery,28,92,17856.56,10705.50,59.95
2024-08-01,Southwest,Home & Kitchen,53,153,27735.06,18146.91,65.43
2024-08-01,Southwest,Office Supplies,34,100,24114.73,16871.65,69.96
2024-08-01,Southwest,Pet Supplies,60,158,38978.24,28963.32,74.31
2024-08-01,Southwest,Sports & Outdoors,29,94,28253.44,24317.53,86.07
2024-08-01,Southwest,Toys,45,140,26026.28,17365.29,66.72
2024-08-01,West,Apparel,38,127,24013.67,15387.44,64.08
2024-08-01,West,Beauty,42,145,33669.01,24688.59,73.33
2024-08-01,West,Books,56,148,25543.41,13869.84,54.30
2024-08-01,West,Electronics,31,100,21589.59,15163.08,70.23
2024-08-01,West,Grocery,32,119,26463.62,17505.71,66.15
2024-08-01,West,Home & Kitchen,37,121,26064.11,18691.71,71.71
2024-08-01,West,Office Supplies,22,71,13306.27,8425.36,63.32
2024-08-01,West,Pet Supplies,35,108,26942.50,17816.83,66.13
2024-08-01,West,Sports & Outdoors,30,98,25912.51,21210.69,81.86
2024-08-01,West,Toys,48,151,24949.90,13834.37,55.45
2024-09-01,Midwest,Apparel,34,94,18964.57,11816.65,62.31
2024-09-01,Midwest,Beauty,42,121,26773.54,20966.30,78.31
2024-09-01,Midwest,Books,55,171,34638.95,17312.72,49.98
2024-09-01,Midwest,Electronics,30,81,17641.69,11191.41,63.44
2024-09-01,Midwest,Grocery,40,134,25703.16,14605.83,56.83
2024-09-01,Midwest,Home & Kitchen,41,124,22846.78,15709.22,68.76
2024-09-01,Midwest,Office Supplies,36,96,18028.59,11597.97,64.33
2024-09-01,Midwest,Pet Supplies,43,131,34704.49,25630.21,73.85
2024-09-01,Midwest,Sports & Outdoors,25,74,20298.36,18097.11,89.16
2024-09-01,Midwest,Toys,53,156,29492.64,20268.79,68.72
2024-09-01,Northeast,Apparel,29,88,18167.41,12262.70,67.50
2024-09-01,Northeast,Beauty,43,138,29879.75,22801.97,76.31
2024-09-01,Northeast,Books,40,126,20823.53,11518.99,55.32
2024-09-01,Northeast,Electronics,28,83,15673.19,9883.67,63.06
2024-09-01,Northeast,Grocery,22,71,9767.35,3033.00,31.05
2024-09-01,Northeast,Home & Kitchen,44,137,25983.40,15833.61,60.94
2024-09-01,Northeast,Office Supplies,22,60,11793.37,7312.48,62.01
2024-09-01,Northeast,Pet Supplies,47,138,38006.71,28832.74,75.86
2024-09-01,Northeast,Sports & Outdoors,17,47,11937.64,10299.25,86.28
2024-09-01,Northeast,Toys,34,123,17181.64,8175.10,47.58
2024-09-01,Southeast,Apparel,31,98,18306.23,11975.26,65.42
2024-09-01,Southeast,Beauty,52,147,29960.98,21171.73,70.66
2024-09-01,Southeast,Books,49,144,28092.34,17543.36,62.45
2024-09-01,Southeast,Electronics,29,82,21250.18,17029.89,80.14
2024-09-01,Southeast,Grocery,29,79,15204.00,9144.67,60.15
2024-09-01,Southeast,Home & Kitchen,32,96,17438.67,12133.57,69.58
2024-09-01,Southeast,Office Supplies,28,85,19580.68,13238.37,67.61
2024-09-01,Southeast,Pet Supplies,54,173,41721.80,28868.66,69.19
2024-09-01,Southeast,Sports & Outdoors,22,71,19947.52,16982.79,85.14
2024-09-01,Southeast,Toys,44,127,20577.17,11317.82,55.00
2024-09-01,Southwest,Apparel,34,98,20932.71,14902.76,71.19
2024-09-01,Southwest,Beauty,55,161,34443.92,24798.67,72.00
2024-09-01,Southwest,Books,64,196,37727.25,24473.38,64.87
2024-09-01,Southwest,Electronics,43,129,26831.88,16796.97,62.60
2024-09-01,Southwest,Grocery,36,89,16127.42,8051.23,49.92
2024-09-01,Southwest,Home & Kitchen,42,134,25269.10,16723.48,66.18
2024-09-01,Southwest,Office Supplies,33,110,25691.78,18325.70,71.33
2024-09-01,Southwest,Pet Supplies,37,110,26956.96,19159.46,71.07
2024-09-01,Southwest,Sports & Outdoors,37,126,34288.67,28185.94,82.20
2024-09-01,Southwest,Toys,52,138,28050.99,16483.67,58.76
2024-09-01,West,Apparel,38,123,23013.72,14931.03,64.88
2024-09-01,West,Beauty,35,105,23051.01,15394.49,66.78
2024-09-01,West,Books,65,181,33525.56,18910.85,56.41
2024-09-01,West,Electronics,33,81,14358.39,8424.04,58.67
2024-09-01,West,Grocery,29,91,20016.64,14092.33,70.40
2024-09-01,West,Home & Kitchen,41,128,22421.12,14737.89,65.73
2024-09-01,West,Office Supplies,30,76,12174.93,6061.39,49.79
2024-09-01,West,Pet Supplies,37,116,29819.37,22092.03,74.09
2024-09-01,West,Sports & Outdoors,31,94,23027.39,18930.55,82.21
2024-09-01,West,Toys,56,188,34373.13,22654.15,65.91
2024-10-01,Midwest,Apparel,47,145,27699.17,17652.73,63.73
2024-10-01,Midwest,Beauty,45,124,27843.64,20031.88,71.94
2024-10-01,Midwest,Books,57,198,44136.49,28082.87,63.63
2024-10-01,Midwest,Electronics,30,98,18515.57,10537.27,56.91
2024-10-01,Midwest,Grocery,28,77,19235.96,13550.54,70.44
2024-10-01,Midwest,Home & Kitchen,40,115,16650.99,10098.53,60.65
2024-10-01,Midwest,Office Supplies,35,108,27711.77,19657.38,70.94
2024-10-01,Midwest,Pet Supplies,47,152,40679.96,29916.55,73.54
2024-10-01,Midwest,Sports & Outdoors,28,80,21826.38,17710.95,81.14
2024-10-01,Midwest,Toys,37,102,16578.30,8113.62,48.94
2024-10-01,Northeast,Apparel,36,114,23487.86,15482.24,65.92
2024-10-01,Northeast,Beauty,38,109,27082.98,20302.40,74.96
2024-10-01,Northeast,Books,75,217,37595.98,19427.15,51.67
2024-10-01,Northeast,Electronics,38,118,25224.33,16819.02,66.68
2024-10-01,Northeast,Grocery,25,68,17573.95,12364.30,70.36
2024-10-01,Northeast,Home & Kitchen,44,132,21934.16,14320.10,65.29
2024-10-01,Northeast,Office Supplies,37,100,23520.33,16451.15,69.94
2024-10-01,Northeast,Pet Supplies,48,150,35527.66,25421.70,71.55
2024-10-01,Northeast,Sports & Outdoors,24,73,18089.15,14652.39,81.00
2024-10-01,Northeast,Toys,52,154,25188.54,15858.73,62.96
2024-10-01,Southeast,Apparel,40,97,18318.58,11628.21,63.48
2024-10-01,Southeast,Beauty,42,142,33823.92,26194.82,77.44
2024-10-01,Southeast,Books,55,180,31802.45,15933.52,50.10
2024-10-01,Southeast,Electronics,38,135,29914.95,19637.04,65.64
2024-10-01,Southeast,Grocery,28,83,14872.08,8425.37,56.65
2024-10-01,Southeast,Home & Kitchen,35,117,24384.55,15504.27,63.58
2024-10-01,Southeast,Office Supplies,28,81,17170.19,11303.77,65.83
2024-10-01,Southeast,Pet Supplies,43,119,32412.94,23379.43,72.13
2024-10-01,Southeast,Sports & Outdoors,22,57,16785.99,15222.51,90.69
2024-10-01,Southeast,Toys,41,111,20854.36,13268.31,63.62
2024-10-01,Southwest,Apparel,41,112,22023.03,13197.67,59.93
2024-10-01,Southwest,Beauty,44,131,30077.33,23014.30,76.52
2024-10-01,Southwest,Books,66,192,35266.34,20980.71,59.49
2024-10-01,Southwest,Electronics,42,120,22657.34,12603.52,55.63
2024-10-01,Southwest,Grocery,27,69,12383.48,6699.22,54.10
2024-10-01,Southwest,Home & Kitchen,49,136,26638.21,17128.56,64.30
2024-10-01,Southwest,Office Supplies,29,84,16830.92,10904.89,64.79
2024-10-01,Southwest,Pet Supplies,42,127,33705.24,24454.03,72.55
2024-10-01,Southwest,Sports & Outdoors,23,70,17190.44,13452.93,78.26
2024-10-01,Southwest,Toys,61,169,30421.83,19290.60,63.41
2024-10-01,West,Apparel,45,146,25280.46,14802.13,58.55
2024-10-01,West,Beauty,37,100,19828.65,13091.39,66.02
2024-10-01,West,Books,59,180,32762.44,18372.98,56.08
2024-10-01,West,Electronics,39,103,21218.09,13831.76,65.19
2024-10-01,West,Grocery,40,118,21610.49,11840.27,54.79
2024-10-01,West,Home & Kitchen,48,139,28828.54,19844.65,68.84
2024-10-01,West,Office Supplies,28,85,17813.32,12226.26,68.64
2024-10-01,West,Pet Supplies,44,147,33905.96,21108.84,62.26
2024-10-01,West,Sports & Outdoors,27,90,29002.53,25589.78,88.23
2024-10-01,West,Toys,48,143,28808.72,18514.20,64.27
2024-11-01,Midwest,Apparel,38,127,26414.64,19364.20,73.31
2024-11-01,Midwest,Beauty,45,126,25261.31,18223.64,72.14
2024-11-01,Midwest,Books,55,172,26829.26,11106.58,41.40
2024-11-01,Midwest,Electronics,35,89,17147.73,11126.61,64.89
2024-11-01,Midwest,Grocery,23,65,10671.52,5747.90,53.86
2024-11-01,Midwest,Home & Kitchen,28,85,15597.19,9894.57,63.44
2024-11-01,Midwest,Office Supplies,27,92,21091.57,14500.57,68.75
2024-11-01,Midwest,Pet Supplies,40,125,30684.39,20764.85,67.67
2024-11-01,Midwest,Sports & Outdoors,23,64,17707.76,15042.39,84.95
2024-11-01,Midwest,Toys,51,161,31345.84,19884.68,63.44
2024-11-01,Northeast,Apparel,37,119,21893.47,14323.90,65.43
2024-11-01,Northeast,Beauty,31,91,17956.56,12192.45,67.90
2024-11-01,Northeast,Books,59,186,32423.63,16315.18,50.32
2024-11-01,Northeast,Electronics,25,74,16724.33,11001.91,65.78
2024-11-01,Northeast,Grocery,31,76,14056.60,8112.69,57.71
2024-11-01,Northeast,Home & Kitchen,50,146,25037.74,14843.69,59.29
2024-11-01,Northeast,Office Supplies,31,87,17201.82,10068.43,58.53
2024-11-01,Northeast,Pet Supplies,40,127,34715.04,24326.52,70.07
2024-11-01,Northeast,Sports & Outdoors,23,71,21535.40,19261.77,89.44
2024-11-01,Northeast,Toys,42,115,16505.66,8095.89,49.05
2024-11-01,Southeast,Apparel,31,86,16046.15,11170.03,69.61
2024-11-01,Southeast,Beauty,34,95,23902.49,18192.49,76.11
2024-11-01,Southeast,Books,53,159,30067.50,17621.34,58.61
2024-11-01,Southeast,Electronics,24,58,13643.60,9603.45,70.39
2024-11-01,Southeast,Grocery,21,57,10171.07,5028.79,49.44
2024-11-01,Southeast,Home & Kitchen,46,136,28305.57,18230.10,64.40
2024-11-01,Southeast,Office Supplies,22,63,11355.27,6629.85,58.39
2024-11-01,Southeast,Pet Supplies,45,132,33397.02,24606.97,73.68
2024-11-01,Southeast,Sports & Outdoors,17,49,13705.68,12056.72,87.97
2024-11-01,Southeast,Toys,37,113,23908.08,14127.96,59.09
2024-11-01,Southwest,Apparel,50,154,31165.46,19456.49,62.43
2024-11-01,Southwest,Beauty,44,138,29701.31,21890.28,73.70
2024-11-01,Southwest,Books,76,227,36574.19,14786.59,40.43
2024-11-01,Southwest,Electronics,31,92,16158.51,8506.48,52.64
2024-11-01,Southwest,Grocery,36,108,24177.61,16368.79,67.70
2024-11-01,Southwest,Home & Kitchen,53,160,35223.39,25350.70,71.97
2024-11-01,Southwest,Office Supplies,30,85,20383.20,14143.57,69.39
2024-11-01,Southwest,Pet Supplies,43,133,32366.78,22895.68,70.74
2024-11-01,Southwest,Sports & Outdoors,14,39,9551.65,8031.06,84.08
2024-11-01,Southwest,Toys,44,140,22298.69,12678.49,56.86
2024-11-01,West,Apparel,31,93,18277.81,13208.93,72.27
2024-11-01,West,Beauty,40,121,26501.33,18469.83,69.69
2024-11-01,West,Books,56,187,36532.41,23820.59,65.20
2024-11-01,West,Electronics,29,85,18432.36,12580.29,68.25
2024-11-01,West,Grocery,32,97,20064.07,12107.31,60.34
2024-11-01,West,Home & Kitchen,31,89,18200.98,11987.63,65.86
2024-11-01,West,Office Supplies,33,104,20538.46,12966.06,63.13
2024-11-01,West,Pet Supplies,42,119,28083.31,18596.21,66.22
2024-11-01,West,Sports & Outdoors,27,79,21365.87,17620.27,82.47
2024-11-01,West,Toys,40,126,18258.73,9374.21,51.34
2024-12-01,Midwest,Apparel,35,105,20779.53,14271.03,68.68
2024-12-01,Midwest,Beauty,33,96,19637.30,12458.89,63.45
2024-12-01,Midwest,Books,63,183,32320.50,17866.58,55.28
2024-12-01,Midwest,Electronics,36,109,24550.54,17284.30,70.40
2024-12-01,Midwest,Grocery,26,84,17558.57,11478.52,65.37
2024-12-01,Midwest,Home & Kitchen,53,143,25946.83,18810.06,72.49
2024-12-01,Midwest,Office Supplies,18,51,11147.75,7011.91,62.90
2024-12-01,Midwest,Pet Supplies,57,186,46362.45,33490.00,72.24
2024-12-01,Midwest,Sports & Outdoors,18,45,11976.13,10476.80,87.48
2024-12-01,Midwest,Toys,35,109,18381.60,10852.91,59.04
2024-12-01,Northeast,Apparel,45,138,26309.80,17735.52,67.41
2024-12-01,Northeast,Beauty,41,114,25370.83,18623.93,73.41
2024-12-01,Northeast,Books,48,154,27740.43,15863.38,57.19
2024-12-01,Northeast,Electronics,31,95,14647.77,7048.24,48.12
2024-12-01,Northeast,Grocery,24,75,17173.11,11168.62,65.04
2024-12-01,Northeast,Home & Kitchen,34,110,21067.31,15274.56,72.50
2024-12-01,Northeast,Office Supplies,30,88,17004.81,10275.34,60.43
2024-12-01,Northeast,Pet Supplies,38,108,22382.51,13920.17,62.19
2024-12-01,Northeast,Sports & Outdoors,22,62,16712.79,13788.85,82.50
2024-12-01,Northeast,Toys,51,162,24887.85,14337.20,57.61
2024-12-01,Southeast,Apparel,31,94,17197.71,10485.75,60.97
2024-12-01,Southeast,Beauty,27,81,16397.56,13153.00,80.21
2024-12-01,Southeast,Books,56,193,40868.05,26016.43,63.66
2024-12-01,Southeast,Electronics,31,98,20609.81,14872.32,72.16
2024-12-01,Southeast,Grocery,35,87,17642.60,10988.28,62.28
2024-12-01,Southeast,Home & Kitchen,45,136,22648.91,14281.44,63.06
2024-12-01,Southeast,Office Supplies,33,95,19633.89,12692.09,64.64
2024-12-01,Southeast,Pet Supplies,54,158,41344.39,31778.16,76.86
2024-12-01,Southeast,Sports & Outdoors,25,61,16929.27,14588.44,86.17
2024-12-01,Southeast,Toys,45,141,24727.16,15677.15,63.40
2024-12-01,Southwest,Apparel,40,138,23194.71,14267.31,61.51
2024-12-01,Southwest,Beauty,34,94,20808.55,15670.58,75.31
2024-12-01,Southwest,Books,66,173,26113.45,11972.18,45.85
2024-12-01,Southwest,Electronics,29,81,15603.88,10657.13,68.30
2024-12-01,Southwest,Grocery,39,120,29999.05,21224.84,70.75
2024-12-01,Southwest,Home & Kitchen,64,219,48518.99,35445.57,73.06
2024-12-01,Southwest,Office Supplies,49,144,31531.81,21614.19,68.55
2024-12-01,Southwest,Pet Supplies,54,146,39764.34,27541.54,69.26
2024-12-01,Southwest,Sports & Outdoors,28,81,23453.05,20112.78,85.76
2024-12-01,Southwest,Toys,52,164,28610.93,17461.43,61.03
2024-12-01,West,Apparel,41,121,21738.70,13192.77,60.69
2024-12-01,West,Beauty,35,116,25489.12,20144.71,79.03
2024-12-01,West,Books,57,198,36672.73,18577.56,50.66
2024-12-01,West,Electronics,40,125,22685.92,14949.49,65.90
2024-12-01,West,Grocery,28,82,15519.42,8407.23,54.17
2024-12-01,West,Home & Kitchen,45,118,19654.51,10990.06,55.92
2024-12-01,West,Office Supplies,29,92,16582.72,9300.95,56.09
2024-12-01,West,Pet Supplies,36,99,25162.62,17992.57,71.51
2024-12-01,West,Sports & Outdoors,29,75,20793.76,17298.50,83.19
2024-12-01,West,Toys,43,126,15357.90,7496.73,48.81
2025-01-01,Midwest,Apparel,43,125,26115.81,18134.12,69.44
2025-01-01,Midwest,Beauty,54,149,36677.71,29428.81,80.24
2025-01-01,Midwest,Books,59,163,31284.57,21527.52,68.81
2025-01-01,Midwest,Electronics,32,104,20181.02,13083.65,64.83
2025-01-01,Midwest,Grocery,27,73,10428.79,3015.29,28.91
2025-01-01,Midwest,Home & Kitchen,57,167,25462.35,13251.84,52.04
2025-01-01,Midwest,Office Supplies,38,111,22661.32,14877.91,65.65
2025-01-01,Midwest,Pet Supplies,44,137,34490.16,24550.49,71.18
2025-01-01,Midwest,Sports & Outdoors,20,47,11585.58,9669.09,83.46
2025-01-01,Midwest,Toys,46,129,24379.48,15233.45,62.48
2025-01-01,Northeast,Apparel,49,143,26105.90,17519.75,67.11
2025-01-01,Northeast,Beauty,53,162,32536.16,21009.34,64.57
2025-01-01,Northeast,Books,63,192,29240.65,11298.03,38.64
2025-01-01,Northeast,Electronics,26,77,17237.95,10518.46,61.02
2025-01-01,Northeast,Grocery,31,96,21581.50,14000.22,64.87
2025-01-01,Northeast,Home & Kitchen,37,108,19255.07,13055.09,67.80
2025-01-01,Northeast,Office Supplies,24,73,13632.71,8101.99,59.43
2025-01-01,Northeast,Pet Supplies,38,112,30818.74,23076.14,74.88
2025-01-01,Northeast,Sports & Outdoors,24,80,21175.28,17506.74,82.68
2025-01-01,Northeast,Toys,32,111,14794.71,6962.50,47.06
2025-01-01,Southeast,Apparel,47,139,26527.86,15473.04,58.33
2025-01-01,Southeast,Beauty,32,101,24469.86,18826.28,76.94
2025-01-01,Southeast,Books,67,204,33091.73,16736.34,50.58
2025-01-01,Southeast,Electronics,38,120,24317.63,15192.38,62.47
2025-01-01,Southeast,Grocery,34,103,21488.68,13152.32,61.21
2025-01-01,Southeast,Home & Kitchen,39,110,21131.52,13341.02,63.13
2025-01-01,Southeast,Office Supplies,29,94,19494.85,11806.85,60.56
2025-01-01,Southeast,Pet Supplies,41,128,33070.76,23838.77,72.08
2025-01-01,Southeast,Sports & Outdoors,29,94,24694.16,20296.77,82.19
2025-01-01,Southeast,Toys,43,111,16963.09,9387.05,55.34
2025-01-01,Southwest,Apparel,36,99,18467.26,11999.36,64.98
2025-01-01,Southwest,Beauty,49,140,32411.50,23879.23,73.68
2025-01-01,Southwest,Books,55,162,27109.27,15489.32,57.14
2025-01-01,Southwest,Electronics,37,110,21784.37,14603.67,67.04
2025-01-01,Southwest,Grocery,38,109,19902.10,10238.86,51.45
2025-01-01,Southwest,Home & Kitchen,58,160,24736.22,14730.75,59.55
2025-01-01,Southwest,Office Supplies,31,81,18909.57,13174.60,69.67
2025-01-01,Southwest,Pet Supplies,46,137,28440.43,18284.07,64.29
2025-01-01,Southwest,Sports & Outdoors,16,51,13585.35,11493.53,84.60
2025-01-01,Southwest,Toys,53,161,27336.26,16336.97,59.76
2025-01-01,West,Apparel,44,120,27821.85,19692.10,70.78
2025-01-01,West,Beauty,38,113,24477.25,17333.63,70.82
2025-01-01,West,Books,59,189,39228.54,22839.84,58.22
2025-01-01,West,Electronics,38,113,22813.26,13660.55,59.88
2025-01-01,West,Grocery,37,108,25285.48,17452.28,69.02
2025-01-01,West,Home & Kitchen,36,115,19120.35,13545.31,70.84
2025-01-01,West,Office Supplies,27,68,18864.11,13857.65,73.46
2025-01-01,West,Pet Supplies,42,125,34516.21,25098.93,72.72
2025-01-01,West,Sports & Outdoors,23,60,12234.22,9242.95,75.55
2025-01-01,West,Toys,32,98,15547.87,8639.35,55.57
2025-02-01,Midwest,Apparel,26,72,15763.34,11206.58,71.09
2025-02-01,Midwest,Beauty,32,86,16481.20,11122.06,67.48
2025-02-01,Midwest,Books,54,163,32537.43,19295.01,59.30
2025-02-01,Midwest,Electronics,38,120,23413.88,14758.87,63.03
2025-02-01,Midwest,Grocery,26,90,16655.39,9266.82,55.64
2025-02-01,Midwest,Home & Kitchen,44,132,23089.50,15917.89,68.94
2025-02-01,Midwest,Office Supplies,28,90,21372.64,15226.68,71.24
2025-02-01,Midwest,Pet Supplies,44,136,39619.92,29226.48,73.77
2025-02-01,Midwest,Sports & Outdoors,20,57,14928.28,12990.29,87.02
2025-02-01,Midwest,Toys,40,110,23227.98,14743.90,63.47
2025-02-01,Northeast,Apparel,37,116,20875.55,14094.60,67.52
2025-02-01,Northeast,Beauty,48,145,32824.24,25349.49,77.23
2025-02-01,Northeast,Books,57,185,32962.34,19091.49,57.92
2025-02-01,Northeast,Electronics,33,122,22581.08,14113.64,62.50
2025-02-01,Northeast,Grocery,31,91,19200.68,10854.81,56.53
2025-02-01,Northeast,Home & Kitchen,43,140,28478.19,21023.06,73.82
2025-02-01,Northeast,Office Supplies,22,67,15657.60,10483.36,66.95
2025-02-01,Northeast,Pet Supplies,33,100,22407.97,15682.58,69.99
2025-02-01,Northeast,Sports & Outdoors,21,63,16421.59,13415.47,81.69
2025-02-01,Northeast,Toys,44,124,19129.08,10885.97,56.91
2025-02-01,Southeast,Apparel,32,82,17583.32,12950.31,73.65
2025-02-01,Southeast,Beauty,38,122,27704.49,20999.41,75.80
2025-02-01,Southeast,Books,57,187,38713.08,23920.99,61.79
2025-02-01,Southeast,Electronics,38,111,22742.53,16005.54,70.38
2025-02-01,Southeast,Grocery,29,79,16442.68,10319.54,62.76
2025-02-01,Southeast,Home & Kitchen,42,120,23629.03,17090.93,72.33
2025-02-01,Southeast,Office Supplies,25,66,11548.03,6946.94,60.16
2025-02-01,Southeast,Pet Supplies,36,109,28381.61,20658.91,72.79
2025-02-01,Southeast,Sports & Outdoors,21,57,13783.83,10709.09,77.69
2025-02-01,Southeast,Toys,44,129,19775.30,11632.90,58.83
2025-02-01,Southwest,Apparel,44,144,23751.42,14399.18,60.62
2025-02-01,Southwest,Beauty,47,139,30887.15,21786.32,70.54
2025-02-01,Southwest,Books,56,171,38226.73,23913.68,62.56
2025-02-01,Southwest,Electronics,45,137,34202.40,23908.21,69.90
2025-02-01,Southwest,Grocery,37,103,24510.20,16859.67,68.79
2025-02-01,Southwest,Home & Kitchen,48,134,25835.68,17454.23,67.56
2025-02-01,Southwest,Office Supplies,35,97,20973.07,14458.50,68.94
2025-02-01,Southwest,Pet Supplies,47,142,37135.10,27621.65,74.38
2025-02-01,Southwest,Sports & Outdoors,17,59,15562.31,13138.19,84.42
2025-02-01,Southwest,Toys,49,144,29098.51,19898.59,68.38
2025-02-01,West,Apparel,46,135,24225.32,16413.61,67.75
2025-02-01,West,Beauty,37,121,27840.01,19013.76,68.30
2025-02-01,West,Books,53,153,27512.83,14060.04,51.10
2025-02-01,West,Electronics,41,127,25407.55,15300.32,60.22
2025-02-01,West,Grocery,23,65,13109.64,8122.42,61.96
2025-02-01,West,Home & Kitchen,47,136,30085.66,21214.15,70.51
2025-02-01,West,Office Supplies,28,83,12222.74,5536.96,45.30
2025-02-01,West,Pet Supplies,52,159,34369.87,22989.16,66.89
2025-02-01,West,Sports & Outdoors,22,63,15642.05,12915.60,82.57
2025-02-01,West,Toys,42,125,18516.88,11373.93,61.42
2025-03-01,Midwest,Apparel,41,125,25019.51,17408.31,69.58
2025-03-01,Midwest,Beauty,42,129,29206.18,23012.79,78.79
2025-03-01,Midwest,Books,56,178,33239.31,20192.93,60.75
2025-03-01,Midwest,Electronics,31,84,13998.76,8696.29,62.12
2025-03-01,Midwest,Grocery,33,109,23683.50,13050.59,55.10
2025-03-01,Midwest,Home & Kitchen,44,151,30052.36,21688.00,72.17
2025-03-01,Midwest,Office Supplies,24,77,15826.37,10012.29,63.26
2025-03-01,Midwest,Pet Supplies,41,122,33680.85,24544.31,72.87
2025-03-01,Midwest,Sports & Outdoors,23,73,16873.19,13414.39,79.50
2025-03-01,Midwest,Toys,44,147,28121.85,17639.37,62.72
2025-03-01,Northeast,Apparel,37,121,20921.37,11944.46,57.09
2025-03-01,Northeast,Beauty,37,110,20636.62,13153.36,63.74
2025-03-01,Northeast,Books,68,205,41132.85,26751.01,65.04
2025-03-01,Northeast,Electronics,31,93,20125.80,13495.94,67.06
2025-03-01,Northeast,Grocery,30,88,19650.36,12827.33,65.28
2025-03-01,Northeast,Home & Kitchen,44,123,23191.22,15045.01,64.87
2025-03-01,Northeast,Office Supplies,28,78,15220.97,9639.34,63.33
2025-03-01,Northeast,Pet Supplies,47,144,39139.14,27605.66,70.53
2025-03-01,Northeast,Sports & Outdoors,25,63,16455.18,13952.65,84.79
2025-03-01,Northeast,Toys,42,117,21323.54,13578.17,63.68
2025-03-01,Southeast,Apparel,35,95,17261.05,10474.40,60.68
2025-03-01,Southeast,Beauty,37,120,27452.35,21637.15,78.82
2025-03-01,Southeast,Books,64,189,29268.96,16912.73,57.78
2025-03-01,Southeast,Electronics,41,116,23869.79,15795.40,66.17
2025-03-01,Southeast,Grocery,37,126,25862.31,14456.64,55.90
2025-03-01,Southeast,Home & Kitchen,40,128,21530.59,13293.29,61.74
2025-03-01,Southeast,Office Supplies,26,79,19847.41,14290.77,72.00
2025-03-01,Southeast,Pet Supplies,55,162,40751.53,29992.53,73.60
2025-03-01,Southeast,Sports & Outdoors,23,58,14489.51,11298.77,77.98
2025-03-01,Southeast,Toys,39,106,19429.58,11805.34,60.76
2025-03-01,Southwest,Apparel,46,142,25991.37,17592.43,67.69
2025-03-01,Southwest,Beauty,52,160,40627.19,30377.70,74.77
2025-03-01,Southwest,Books,76,239,44656.14,25185.83,56.40
2025-03-01,Southwest,Electronics,39,111,21844.03,12228.15,55.98
2025-03-01,Southwest,Grocery,34,99,15136.65,6529.80,43.14
2025-03-01,Southwest,Home & Kitchen,46,132,24486.21,16928.03,69.13
2025-03-01,Southwest,Office Supplies,37,102,20824.21,13520.26,64.93
2025-03-01,Southwest,Pet Supplies,48,153,35643.52,25401.23,71.26
2025-03-01,Southwest,Sports & Outdoors,25,59,15872.76,12715.76,80.11
2025-03-01,Southwest,Toys,55,170,28486.46,17881.80,62.77
2025-03-01,West,Apparel,40,128,26087.94,16959.93,65.01
2025-03-01,West,Beauty,59,174,39101.71,27678.33,70.79
2025-03-01,West,Books,63,182,31669.95,17778.09,56.14
2025-03-01,West,Electronics,35,104,18434.13,12827.87,69.59
2025-03-01,West,Grocery,26,87,19774.20,12300.07,62.20
2025-03-01,West,Home & Kitchen,37,115,23800.95,15838.52,66.55
2025-03-01,West,Office Supplies,31,98,23601.13,17306.34,73.33
2025-03-01,West,Pet Supplies,39,129,34466.21,24435.09,70.90
2025-03-01,West,Sports & Outdoors,21,78,21774.35,17903.17,82.22
2025-03-01,West,Toys,44,129,22614.23,14174.55,62.68
2025-04-01,Midwest,Apparel,42,126,21422.49,14219.10,66.37
2025-04-01,Midwest,Beauty,53,168,35723.98,25228.94,70.62
2025-04-01,Midwest,Books,68,200,43728.62,28517.16,65.21
2025-04-01,Midwest,Electronics,40,108,17945.15,11258.53,62.74
2025-04-01,Midwest,Grocery,25,65,11093.93,5924.68,53.40
2025-04-01,Midwest,Home & Kitchen,56,161,34004.36,23542.98,69.24
2025-04-01,Midwest,Office Supplies,24,73,13483.90,8523.58,63.21
2025-04-01,Midwest,Pet Supplies,48,136,31766.76,21446.36,67.51
2025-04-01,Midwest,Sports & Outdoors,25,72,16022.93,12316.69,76.87
2025-04-01,Midwest,Toys,46,140,29004.25,19111.99,65.89
2025-04-01,Northeast,Apparel,41,123,22955.78,14852.74,64.70
2025-04-01,Northeast,Beauty,43,108,26075.38,18229.70,69.91
2025-04-01,Northeast,Books,64,198,33594.93,18040.75,53.70
2025-04-01,Northeast,Electronics,51,162,41747.16,29969.86,71.79
2025-04-01,Northeast,Grocery,32,100,18816.64,11134.74,59.17
2025-04-01,Northeast,Home & Kitchen,25,76,14914.13,9460.68,63.43
2025-04-01,Northeast,Office Supplies,23,76,15313.08,10132.31,66.17
2025-04-01,Northeast,Pet Supplies,50,135,30913.50,22356.58,72.32
2025-04-01,Northeast,Sports & Outdoors,25,64,16782.84,13814.11,82.31
2025-04-01,Northeast,Toys,42,130,26515.48,18592.01,70.12
2025-04-01,Southeast,Apparel,31,74,14608.28,9232.73,63.20
2025-04-01,Southeast,Beauty,48,144,30185.62,21918.87,72.61
2025-04-01,Southeast,Books,46,125,20335.42,12930.75,63.59
2025-04-01,Southeast,Electronics,26,75,17991.12,12209.04,67.86
2025-04-01,Southeast,Grocery,29,92,14350.67,6613.56,46.09
2025-04-01,Southeast,Home & Kitchen,50,143,26558.37,18288.96,68.86
2025-04-01,Southeast,Office Supplies,28,82,16802.52,10648.26,63.37
2025-04-01,Southeast,Pet Supplies,56,166,39944.53,28333.28,70.93
2025-04-01,Southeast,Sports & Outdoors,25,75,22320.22,18957.97,84.94
2025-04-01,Southeast,Toys,53,159,28490.51,16872.96,59.22
2025-04-01,Southwest,Apparel,46,133,21460.57,13083.26,60.96
2025-04-01,Southwest,Beauty,47,148,29639.82,21091.84,71.16
2025-04-01,Southwest,Books,76,234,43927.20,26030.40,59.26
2025-04-01,Southwest,Electronics,43,104,23403.25,15804.47,67.53
2025-04-01,Southwest,Grocery,42,121,25996.23,15357.36,59.08
2025-04-01,Southwest,Home & Kitchen,38,118,21583.96,13701.26,63.48
2025-04-01,Southwest,Office Supplies,26,76,15086.63,9220.65,61.12
2025-04-01,Southwest,Pet Supplies,44,135,37325.63,26733.73,71.62
2025-04-01,Southwest,Sports & Outdoors,31,99,28329.42,24353.31,85.96
2025-04-01,Southwest,Toys,55,169,26272.11,15224.64,57.95
2025-04-01,West,Apparel,49,134,27069.15,19342.58,71.46
2025-04-01,West,Beauty,31,97,20573.74,12955.35,62.97
2025-04-01,West,Books,54,167,31185.89,16834.89,53.98
2025-04-01,West,Electronics,33,102,20227.20,11961.95,59.14
2025-04-01,West,Grocery,36,104,17216.60,7852.67,45.61
2025-04-01,West,Home & Kitchen,40,130,26726.91,16607.22,62.14
2025-04-01,West,Office Supplies,23,80,21087.68,16012.81,75.93
2025-04-01,West,Pet Supplies,41,135,30415.19,19433.87,63.90
2025-04-01,West,Sports & Outdoors,21,61,16402.19,14018.58,85.47
2025-04-01,West,Toys,40,111,15883.10,7132.06,44.90
2025-05-01,Midwest,Apparel,35,99,17571.93,10963.59,62.39
2025-05-01,Midwest,Beauty,45,133,31133.50,23493.38,75.46
2025-05-01,Midwest,Books,60,162,29295.91,15016.09,51.26
2025-05-01,Midwest,Electronics,35,102,14089.81,7858.33,55.77
2025-05-01,Midwest,Grocery,30,102,23372.78,15435.58,66.04
2025-05-01,Midwest,Home & Kitchen,42,140,23700.52,15815.79,66.73
2025-05-01,Midwest,Office Supplies,27,80,13876.10,8042.84,57.96
2025-05-01,Midwest,Pet Supplies,50,152,39057.76,27912.48,71.46
2025-05-01,Midwest,Sports & Outdoors,21,66,19437.32,17147.47,88.22
2025-05-01,Midwest,Toys,52,142,28206.86,17386.27,61.64
2025-05-01,Northeast,Apparel,34,98,18699.56,12888.97,68.93
2025-05-01,Northeast,Beauty,40,99,17345.69,9734.83,56.12
2025-05-01,Northeast,Books,54,165,28048.51,14387.69,51.30
2025-05-01,Northeast,Electronics,39,129,23284.55,14352.06,61.64
2025-05-01,Northeast,Grocery,23,69,11885.78,5826.89,49.02
2025-05-01,Northeast,Home & Kitchen,38,119,22108.23,13972.54,63.20
2025-05-01,Northeast,Office Supplies,33,104,26015.26,17937.52,68.95
2025-05-01,Northeast,Pet Supplies,52,158,40033.83,27070.60,67.62
2025-05-01,Northeast,Sports & Outdoors,21,63,16549.42,13721.08,82.91
2025-05-01,Northeast,Toys,38,118,20131.47,11119.82,55.24
2025-05-01,Southeast,Apparel,39,100,17207.72,10081.59,58.59
2025-05-01,Southeast,Beauty,48,139,33041.15,23171.46,70.13
2025-05-01,Southeast,Books,59,160,39151.50,24814.32,63.38
2025-05-01,Southeast,Electronics,35,94,17699.57,10409.29,58.81
2025-05-01,Southeast,Grocery,34,101,21693.75,12438.07,57.33
2025-05-01,Southeast,Home & Kitchen,43,125,22403.75,13804.65,61.62
2025-05-01,Southeast,Office Supplies,30,88,17575.85,11438.02,65.08
2025-05-01,Southeast,Pet Supplies,38,130,34265.62,26631.73,77.72
2025-05-01,Southeast,Sports & Outdoors,18,57,18553.35,16554.93,89.23
2025-05-01,Southeast,Toys,43,132,19368.75,9817.64,50.69
2025-05-01,Southwest,Apparel,42,122,24326.93,16438.77,67.57
2025-05-01,Southwest,Beauty,58,165,37742.94,28950.32,76.70
2025-05-01,Southwest,Books,74,220,41451.60,26833.64,64.73
2025-05-01,Southwest,Electronics,46,115,23471.79,16240.51,69.19
2025-05-01,Southwest,Grocery,43,143,27280.08,15390.81,56.42
2025-05-01,Southwest,Home & Kitchen,45,128,19131.76,13416.17,70.13
2025-05-01,Southwest,Office Supplies,41,113,24849.13,16073.66,64.69
2025-05-01,Southwest,Pet Supplies,47,140,33751.42,23320.70,69.10
2025-05-01,Southwest,Sports & Outdoors,25,84,21875.68,18204.94,83.22
2025-05-01,Southwest,Toys,60,193,32975.62,18886.29,57.27
2025-05-01,West,Apparel,33,102,17966.71,10576.88,58.87
2025-05-01,West,Beauty,58,176,40809.34,30851.59,75.60
2025-05-01,West,Books,72,230,36759.99,18769.90,51.06
2025-05-01,West,Electronics,39,122,25236.36,16825.87,66.67
2025-05-01,West,Grocery,34,112,25213.93,16440.52,65.20
2025-05-01,West,Home & Kitchen,46,135,22178.01,13467.38,60.72
2025-05-01,West,Office Supplies,26,75,16185.52,10669.76,65.92
2025-05-01,West,Pet Supplies,47,148,37226.42,26560.49,71.35
2025-05-01,West,Sports & Outdoors,19,55,16039.84,14292.71,89.11
2025-05-01,West,Toys,38,113,16042.77,8088.74,50.42
2025-06-01,Midwest,Apparel,50,156,29716.47,19597.88,65.95
2025-06-01,Midwest,Beauty,37,104,23743.68,18668.92,78.63
2025-06-01,Midwest,Books,57,161,27619.66,15348.08,55.57
2025-06-01,Midwest,Electronics,34,97,21013.73,13974.83,66.50
2025-06-01,Midwest,Grocery,31,90,19888.92,12498.81,62.84
2025-06-01,Midwest,Home & Kitchen,30,91,16547.81,10959.50,66.23
2025-06-01,Midwest,Office Supplies,40,114,25870.93,17957.78,69.41
2025-06-01,Midwest,Pet Supplies,46,132,32046.31,23271.04,72.62
2025-06-01,Midwest,Sports & Outdoors,25,73,20677.16,18290.70,88.46
2025-06-01,Midwest,Toys,47,141,26791.23,16223.08,60.55
2025-06-01,Northeast,Apparel,52,154,33295.55,22048.85,66.22
2025-06-01,Northeast,Beauty,32,104,27172.28,21535.31,79.25
2025-06-01,Northeast,Books,52,167,32770.56,18323.57,55.91
2025-06-01,Northeast,Electronics,25,67,13184.49,7066.10,53.59
2025-06-01,Northeast,Grocery,31,91,23417.34,16317.87,69.68
2025-06-01,Northeast,Home & Kitchen,47,150,26074.41,15701.34,60.22
2025-06-01,Northeast,Office Supplies,36,119,22694.39,13584.69,59.86
2025-06-01,Northeast,Pet Supplies,37,97,21945.85,14969.21,68.21
2025-06-01,Northeast,Sports & Outdoors,26,83,21412.36,17587.30,82.14
2025-06-01,Northeast,Toys,36,119,21596.14,12752.52,59.05
2025-06-01,Southeast,Apparel,30,87,14190.37,9116.19,64.24
2025-06-01,Southeast,Beauty,50,161,37769.27,28126.36,74.47
2025-06-01,Southeast,Books,53,156,24356.14,10482.21,43.04
2025-06-01,Southeast,Electronics,34,105,18433.03,10477.84,56.84
2025-06-01,Southeast,Grocery,26,84,14922.55,8380.20,56.16
2025-06-01,Southeast,Home & Kitchen,44,140,32175.73,24462.59,76.03
2025-06-01,Southeast,Office Supplies,19,58,11227.48,6821.72,60.76
2025-06-01,Southeast,Pet Supplies,37,115,27957.51,19163.79,68.55
2025-06-01,Southeast,Sports & Outdoors,23,73,21938.60,19558.20,89.15
2025-06-01,Southeast,Toys,50,144,22467.86,12139.99,54.03
2025-06-01,Southwest,Apparel,49,162,27612.07,18029.67,65.30
2025-06-01,Southwest,Beauty,58,182,43577.89,33510.56,76.90
2025-06-01,Southwest,Books,61,185,33755.01,18716.83,55.45
2025-06-01,Southwest,Electronics,32,108,22019.21,13327.61,60.53
2025-06-01,Southwest,Grocery,36,115,23481.85,13550.52,57.71
2025-06-01,Southwest,Home & Kitchen,46,149,31109.19,21925.50,70.48
2025-06-01,Southwest,Office Supplies,34,101,23262.49,16168.50,69.50
2025-06-01,Southwest,Pet Supplies,54,151,39579.26,28168.24,71.17
2025-06-01,Southwest,Sports & Outdoors,15,44,13627.31,11886.77,87.23
2025-06-01,Southwest,Toys,37,115,13202.26,6179.21,46.80
2025-06-01,West,Apparel,29,97,16816.30,11278.61,67.07
2025-06-01,West,Beauty,44,136,29268.71,22431.88,76.64
2025-06-01,West,Books,64,188,39469.25,26777.04,67.84
2025-06-01,West,Electronics,30,99,21289.31,14427.04,67.77
2025-06-01,West,Grocery,30,81,14909.18,8094.20,54.29
2025-06-01,West,Home & Kitchen,45,127,25138.99,15404.82,61.28
2025-06-01,West,Office Supplies,33,104,21382.53,13144.24,61.47
2025-06-01,West,Pet Supplies,45,127,35740.13,25796.65,72.18
2025-06-01,West,Sports & Outdoors,26,73,23052.72,20010.89,86.80
2025-06-01,West,Toys,41,132,20898.26,11375.78,54.43
2025-07-01,Midwest,Apparel,52,161,28887.06,17676.24,61.19
2025-07-01,Midwest,Beauty,42,132,31143.68,24719.97,79.37
2025-07-01,Midwest,Books,67,206,38570.24,21803.70,56.53
2025-07-01,Midwest,Electronics,47,148,34191.72,24038.84,70.31
2025-07-01,Midwest,Grocery,30,80,15272.44,7673.61,50.24
2025-07-01,Midwest,Home & Kitchen,40,123,21864.97,14605.34,66.80
2025-07-01,Midwest,Office Supplies,27,79,18270.30,12822.09,70.18
2025-07-01,Midwest,Pet Supplies,43,134,31581.33,22266.97,70.51
2025-07-01,Midwest,Sports & Outdoors,26,83,24920.32,21741.65,87.24
2025-07-01,Midwest,Toys,51,150,26972.22,16787.36,62.24
2025-07-01,Northeast,Apparel,33,100,17060.17,10054.32,58.93
2025-07-01,Northeast,Beauty,37,102,22316.53,15888.19,71.19
2025-07-01,Northeast,Books,61,187,34117.39,18901.29,55.40
2025-07-01,Northeast,Electronics,26,86,13415.07,7394.32,55.12
2025-07-01,Northeast,Grocery,25,74,15146.90,9648.64,63.70
2025-07-01,Northeast,Home & Kitchen,34,95,19467.65,15093.01,77.53
2025-07-01,Northeast,Office Supplies,22,60,14282.44,9824.38,68.79
2025-07-01,Northeast,Pet Supplies,50,155,39363.43,28179.01,71.59
2025-07-01,Northeast,Sports & Outdoors,17,50,12993.51,10641.24,81.90
2025-07-01,Northeast,Toys,39,103,14959.42,8184.05,54.71
2025-07-01,Southeast,Apparel,36,96,18047.43,11685.49,64.75
2025-07-01,Southeast,Beauty,50,152,35286.52,27581.67,78.16
2025-07-01,Southeast,Books,59,191,35292.15,21391.71,60.61
2025-07-01,Southeast,Electronics,40,112,24345.23,17194.96,70.63
2025-07-01,Southeast,Grocery,25,73,15686.12,9932.91,63.32
2025-07-01,Southeast,Home & Kitchen,45,145,30639.90,22601.83,73.77
2025-07-01,Southeast,Office Supplies,25,72,13065.61,7883.90,60.34
2025-07-01,Southeast,Pet Supplies,43,122,31869.61,23050.69,72.33
2025-07-01,Southeast,Sports & Outdoors,24,73,20676.80,17076.53,82.59
2025-07-01,Southeast,Toys,52,169,24666.40,13440.69,54.49
2025-07-01,Southwest,Apparel,43,126,24522.16,15356.61,62.62
2025-07-01,Southwest,Beauty,52,159,38034.81,28679.79,75.40
2025-07-01,Southwest,Books,55,149,26796.25,15279.09,57.02
2025-07-01,Southwest,Electronics,45,140,24893.47,15035.31,60.40
2025-07-01,Southwest,Grocery,40,117,22783.91,13728.52,60.26
2025-07-01,Southwest,Home & Kitchen,62,187,33257.89,21880.41,65.79
2025-07-01,Southwest,Office Supplies,27,78,19064.17,13836.87,72.58
2025-07-01,Southwest,Pet Supplies,47,152,34320.58,22790.74,66.41
2025-07-01,Southwest,Sports & Outdoors,22,67,19224.14,16414.31,85.38
2025-07-01,Southwest,Toys,53,166,29895.68,18963.72,63.43
2025-07-01,West,Apparel,31,89,17775.91,12095.55,68.04
2025-07-01,West,Beauty,40,106,24762.89,18995.23,76.71
2025-07-01,West,Books,64,189,33673.95,18308.62,54.37
2025-07-01,West,Electronics,27,91,16607.48,9201.50,55.41
2025-07-01,West,Grocery,26,75,13628.44,8029.52,58.92
2025-07-01,West,Home & Kitchen,41,120,20555.31,12711.55,61.84
2025-07-01,West,Office Supplies,27,86,17797.74,11138.31,62.58
2025-07-01,West,Pet Supplies,48,153,40781.79,27636.47,67.77
2025-07-01,West,Sports & Outdoors,19,58,14183.40,10841.28,76.44
2025-07-01,West,Toys,39,115,18936.93,12164.83,64.24
2025-08-01,Midwest,Apparel,45,141,26307.47,16655.14,63.31
2025-08-01,Midwest,Beauty,39,115,26026.88,19046.17,73.18
2025-08-01,Midwest,Books,58,177,30676.58,15660.38,51.05
2025-08-01,Midwest,Electronics,38,101,21776.86,15804.27,72.57
2025-08-01,Midwest,Grocery,33,100,18076.59,10025.17,55.46
2025-08-01,Midwest,Home & Kitchen,43,142,21433.90,13780.00,64.29
2025-08-01,Midwest,Office Supplies,26,82,16609.54,11123.44,66.97
2025-08-01,Midwest,Pet Supplies,41,120,31194.29,23133.54,74.16
2025-08-01,Midwest,Sports & Outdoors,21,55,13359.23,9735.43,72.87
2025-08-01,Midwest,Toys,31,94,16080.73,10067.85,62.61
2025-08-01,Northeast,Apparel,39,120,21540.36,12916.62,59.96
2025-08-01,Northeast,Beauty,32,92,21224.33,15384.20,72.48
2025-08-01,Northeast,Books,62,180,39274.03,25184.35,64.12
2025-08-01,Northeast,Electronics,36,119,24664.96,15587.48,63.20
2025-08-01,Northeast,Grocery,15,39,8170.01,5046.06,61.76
2025-08-01,Northeast,Home & Kitchen,36,90,13248.84,7406.10,55.90
2025-08-01,Northeast,Office Supplies,25,83,21878.73,15871.79,72.54
2025-08-01,Northeast,Pet Supplies,35,101,23587.74,18012.12,76.36
2025-08-01,Northeast,Sports & Outdoors,24,71,20839.50,18617.60,89.34
2025-08-01,Northeast,Toys,49,157,24994.27,15702.39,62.82
2025-08-01,Southeast,Apparel,36,111,20856.40,12521.58,60.04
2025-08-01,Southeast,Beauty,38,114,28076.20,20974.49,74.71
2025-08-01,Southeast,Books,62,190,34907.61,17510.80,50.16
2025-08-01,Southeast,Electronics,40,117,25498.06,17126.89,67.17
2025-08-01,Southeast,Grocery,34,109,19674.49,11083.31,56.33
2025-08-01,Southeast,Home & Kitchen,46,151,27341.52,18303.42,66.94
2025-08-01,Southeast,Office Supplies,26,80,18962.11,13529.44,71.35
2025-08-01,Southeast,Pet Supplies,54,160,41527.02,30678.13,73.88
2025-08-01,Southeast,Sports & Outdoors,21,55,13855.18,11695.99,84.42
2025-08-01,Southeast,Toys,49,147,29441.15,19851.22,67.43
2025-08-01,Southwest,Apparel,49,138,24934.78,14672.37,58.84
2025-08-01,Southwest,Beauty,51,148,33685.54,25105.93,74.53
2025-08-01,Southwest,Books,72,223,43690.68,25328.98,57.97
2025-08-01,Southwest,Electronics,36,109,24765.57,18617.54,75.18
2025-08-01,Southwest,Grocery,35,103,17802.33,9542.27,53.60
2025-08-01,Southwest,Home & Kitchen,62,178,37628.25,24986.22,66.40
2025-08-01,Southwest,Office Supplies,35,90,18045.66,10773.26,59.70
2025-08-01,Southwest,Pet Supplies,50,135,33235.69,22344.50,67.23
2025-08-01,Southwest,Sports & Outdoors,36,118,31968.33,25987.01,81.29
2025-08-01,Southwest,Toys,57,162,31285.32,19043.83,60.87
2025-08-01,West,Apparel,31,98,19551.83,12320.52,63.01
2025-08-01,West,Beauty,28,99,20642.73,15260.43,73.93
2025-08-01,West,Books,63,187,35953.82,20821.88,57.91
2025-08-01,West,Electronics,25,73,17095.12,11593.98,67.82
2025-08-01,West,Grocery,35,102,21727.92,13272.48,61.08
2025-08-01,West,Home & Kitchen,55,159,31662.00,21008.99,66.35
2025-08-01,West,Office Supplies,31,94,21001.62,15176.60,72.26
2025-08-01,West,Pet Supplies,45,133,35561.65,25599.75,71.99
2025-08-01,West,Sports & Outdoors,28,80,20976.52,17575.30,83.79
2025-08-01,West,Toys,48,157,22645.72,11707.98,51.70
2025-09-01,Midwest,Apparel,23,78,16288.31,10089.89,61.95
2025-09-01,Midwest,Beauty,53,154,33988.63,26425.56,77.75
2025-09-01,Midwest,Books,66,202,40145.71,25159.60,62.67
2025-09-01,Midwest,Electronics,23,72,15544.21,10400.86,66.91
2025-09-01,Midwest,Grocery,31,89,12209.19,3746.88,30.69
2025-09-01,Midwest,Home & Kitchen,41,115,25596.05,18911.25,73.88
2025-09-01,Midwest,Office Supplies,31,83,18149.17,12012.13,66.19
2025-09-01,Midwest,Pet Supplies,43,145,34792.46,24670.41,70.91
2025-09-01,Midwest,Sports & Outdoors,16,53,14749.36,12480.50,84.62
2025-09-01,Midwest,Toys,48,139,27149.42,18378.09,67.69
2025-09-01,Northeast,Apparel,38,111,20367.77,12697.22,62.34
2025-09-01,Northeast,Beauty,35,119,25198.09,17002.05,67.47
2025-09-01,Northeast,Books,60,188,37625.10,20867.86,55.46
2025-09-01,Northeast,Electronics,26,88,23229.52,15556.92,66.97
2025-09-01,Northeast,Grocery,28,87,16651.77,9920.28,59.57
2025-09-01,Northeast,Home & Kitchen,31,85,18674.68,11397.90,61.03
2025-09-01,Northeast,Office Supplies,32,97,20965.95,12924.66,61.65
2025-09-01,Northeast,Pet Supplies,36,107,30453.88,21446.73,70.42
2025-09-01,Northeast,Sports & Outdoors,19,63,18388.07,15495.91,84.27
2025-09-01,Northeast,Toys,38,105,19058.45,12462.13,65.39
2025-09-01,Southeast,Apparel,39,137,26267.28,16737.29,63.72
2025-09-01,Southeast,Beauty,45,143,31036.69,23310.14,75.11
2025-09-01,Southeast,Books,71,215,44107.32,26142.04,59.27
2025-09-01,Southeast,Electronics,26,86,15882.49,10309.19,64.91
2025-09-01,Southeast,Grocery,36,114,21157.64,11333.12,53.57
2025-09-01,Southeast,Home & Kitchen,55,165,31914.29,21673.96,67.91
2025-09-01,Southeast,Office Supplies,21,69,15816.12,10371.83,65.58
2025-09-01,Southeast,Pet Supplies,39,119,28495.33,20623.49,72.37
2025-09-01,Southeast,Sports & Outdoors,20,58,15709.52,12959.72,82.50
2025-09-01,Southeast,Toys,57,190,37403.34,23229.94,62.11
2025-09-01,Southwest,Apparel,44,138,28490.32,20637.70,72.44
2025-09-01,Southwest,Beauty,45,128,31063.03,23698.79,76.29
2025-09-01,Southwest,Books,57,171,28679.65,14533.97,50.68
2025-09-01,Southwest,Electronics,50,158,29102.49,18009.83,61.88
2025-09-01,Southwest,Grocery,32,87,15873.43,8866.87,55.86
2025-09-01,Southwest,Home & Kitchen,47,150,25675.27,17614.23,68.60
2025-09-01,Southwest,Office Supplies,34,105,22232.45,13315.54,59.89
2025-09-01,Southwest,Pet Supplies,51,155,41895.34,30944.35,73.86
2025-09-01,Southwest,Sports & Outdoors,34,108,30681.93,25991.61,84.71
2025-09-01,Southwest,Toys,51,163,28469.69,16552.99,58.14
2025-09-01,West,Apparel,35,106,19198.79,13534.02,70.49
2025-09-01,West,Beauty,42,139,32617.20,24018.12,73.64
2025-09-01,West,Books,62,201,38044.76,22622.38,59.46
2025-09-01,West,Electronics,36,127,24308.22,15404.47,63.37
2025-09-01,West,Grocery,38,116,21813.68,12281.31,56.30
2025-09-01,West,Home & Kitchen,49,147,28018.71,17135.99,61.16
2025-09-01,West,Office Supplies,27,86,17169.29,11526.38,67.13
2025-09-01,West,Pet Supplies,44,142,33615.26,24047.91,71.54
2025-09-01,West,Sports & Outdoors,28,90,27515.05,24667.96,89.65
2025-09-01,West,Toys,40,116,21966.64,12297.16,55.98
2025-10-01,Midwest,Apparel,38,108,18087.27,11478.71,63.46
2025-10-01,Midwest,Beauty,54,172,39749.81,30952.82,77.87
2025-10-01,Midwest,Books,73,205,39973.33,22072.87,55.22
2025-10-01,Midwest,Electronics,33,89,15724.81,8323.15,52.93
2025-10-01,Midwest,Grocery,35,107,20631.77,11943.57,57.89
2025-10-01,Midwest,Home & Kitchen,41,133,24719.06,15420.90,62.38
2025-10-01,Midwest,Office Supplies,26,88,16366.77,9714.50,59.36
2025-10-01,Midwest,Pet Supplies,33,116,30719.85,21932.12,71.39
2025-10-01,Midwest,Sports & Outdoors,34,101,28336.40,23392.87,82.55
2025-10-01,Midwest,Toys,48,131,22594.05,13438.33,59.48
2025-10-01,Northeast,Apparel,34,104,20324.81,12442.49,61.22
2025-10-01,Northeast,Beauty,49,160,34151.38,24540.13,71.86
2025-10-01,Northeast,Books,55,171,30413.21,16146.19,53.09
2025-10-01,Northeast,Electronics,31,88,20916.91,14864.64,71.07
2025-10-01,Northeast,Grocery,28,82,13878.79,7232.14,52.11
2025-10-01,Northeast,Home & Kitchen,38,103,18849.13,11399.92,60.48
2025-10-01,Northeast,Office Supplies,23,69,12854.86,7734.86,60.17
2025-10-01,Northeast,Pet Supplies,39,131,28677.39,20410.50,71.17
2025-10-01,Northeast,Sports & Outdoors,25,70,21416.33,19205.43,89.68
2025-10-01,Northeast,Toys,44,130,19903.30,10143.04,50.96
2025-10-01,Southeast,Apparel,33,96,19247.64,11796.32,61.29
2025-10-01,Southeast,Beauty,36,108,23306.36,16079.96,68.99
2025-10-01,Southeast,Books,68,195,32396.89,16279.35,50.25
2025-10-01,Southeast,Electronics,36,104,20568.51,13547.18,65.86
2025-10-01,Southeast,Grocery,39,124,16294.01,4649.61,28.54
2025-10-01,Southeast,Home & Kitchen,41,117,23610.38,15213.11,64.43
2025-10-01,Southeast,Office Supplies,32,101,22387.13,14957.22,66.81
2025-10-01,Southeast,Pet Supplies,58,172,45945.24,33240.29,72.35
2025-10-01,Southeast,Sports & Outdoors,27,83,26246.05,22963.10,87.49
2025-10-01,Southeast,Toys,43,126,24409.87,14810.18,60.67
2025-10-01,Southwest,Apparel,47,111,19569.17,11723.35,59.91
2025-10-01,Southwest,Beauty,44,136,31907.04,23654.27,74.13
2025-10-01,Southwest,Books,72,208,39016.30,19989.69,51.23
2025-10-01,Southwest,Electronics,32,82,16033.68,10385.76,64.77
2025-10-01,Southwest,Grocery,41,115,24789.40,16650.52,67.17
2025-10-01,Southwest,Home & Kitchen,76,229,50683.51,33883.91,66.85
2025-10-01,Southwest,Office Supplies,31,104,21624.69,13467.87,62.28
2025-10-01,Southwest,Pet Supplies,56,172,44972.61,33063.16,73.52
2025-10-01,Southwest,Sports & Outdoors,25,79,21022.18,17261.00,82.11
2025-10-01,Southwest,Toys,58,170,34473.07,23729.99,68.84
2025-10-01,West,Apparel,42,130,27849.31,19119.17,68.65
2025-10-01,West,Beauty,52,161,37396.57,27111.30,72.50
2025-10-01,West,Books,69,209,40595.04,23208.51,57.17
2025-10-01,West,Electronics,49,143,25864.60,14988.66,57.95
2025-10-01,West,Grocery,35,103,16306.79,6488.27,39.79
2025-10-01,West,Home & Kitchen,39,129,25433.97,17634.05,69.33
2025-10-01,West,Office Supplies,28,86,15637.80,9628.00,61.57
2025-10-01,West,Pet Supplies,56,184,50185.88,38777.23,77.27
2025-10-01,West,Sports & Outdoors,25,68,19373.47,16818.92,86.81
2025-10-01,West,Toys,50,141,24789.66,15717.17,63.40
2025-11-01,Midwest,Apparel,43,134,25643.73,15518.83,60.52
2025-11-01,Midwest,Beauty,49,130,26847.78,19115.97,71.20
2025-11-01,Midwest,Books,70,224,40966.58,22584.89,55.13
2025-11-01,Midwest,Electronics,31,87,21253.72,16052.02,75.53
2025-11-01,Midwest,Grocery,34,90,12988.99,5055.77,38.92
2025-11-01,Midwest,Home & Kitchen,37,109,21398.97,13918.67,65.04
2025-11-01,Midwest,Office Supplies,32,97,24970.85,17997.05,72.07
2025-11-01,Midwest,Pet Supplies,45,132,33138.92,23093.53,69.69
2025-11-01,Midwest,Sports & Outdoors,29,86,22901.59,19427.06,84.83
2025-11-01,Midwest,Toys,38,112,19789.86,11135.35,56.27
2025-11-01,Northeast,Apparel,48,141,26165.74,17137.67,65.50
2025-11-01,Northeast,Beauty,34,117,27322.26,20524.08,75.12
2025-11-01,Northeast,Books,62,187,34449.75,18218.39,52.88
2025-11-01,Northeast,Electronics,47,130,27199.97,19156.83,70.43
2025-11-01,Northeast,Grocery,25,84,12633.70,6752.10,53.45
2025-11-01,Northeast,Home & Kitchen,47,129,25362.23,16199.00,63.87
2025-11-01,Northeast,Office Supplies,15,41,6918.05,3580.12,51.75
2025-11-01,Northeast,Pet Supplies,47,127,32012.55,22150.87,69.19
2025-11-01,Northeast,Sports & Outdoors,30,90,24814.87,21062.04,84.88
2025-11-01,Northeast,Toys,38,114,14371.38,7355.59,51.18
2025-11-01,Southeast,Apparel,38,124,24435.55,15430.54,63.15
2025-11-01,Southeast,Beauty,39,112,21434.80,13216.46,61.66
2025-11-01,Southeast,Books,57,184,30734.94,16830.78,54.76
2025-11-01,Southeast,Electronics,33,102,22354.95,15387.43,68.83
2025-11-01,Southeast,Grocery,41,128,22262.37,10239.62,46.00
2025-11-01,Southeast,Home & Kitchen,41,116,21543.35,13741.97,63.79
2025-11-01,Southeast,Office Supplies,29,87,21083.29,13962.75,66.23
2025-11-01,Southeast,Pet Supplies,39,105,25121.42,16254.58,64.70
2025-11-01,Southeast,Sports & Outdoors,17,56,13927.97,11648.00,83.63
2025-11-01,Southeast,Toys,39,113,23403.84,14764.17,63.08
2025-11-01,Southwest,Apparel,47,136,26204.25,15986.57,61.01
2025-11-01,Southwest,Beauty,52,141,29769.84,22400.98,75.25
2025-11-01,Southwest,Books,69,195,36864.75,19338.16,52.46
2025-11-01,Southwest,Electronics,40,111,24332.13,16309.14,67.03
2025-11-01,Southwest,Grocery,34,95,22128.70,15346.02,69.35
2025-11-01,Southwest,Home & Kitchen,50,147,27985.93,19333.48,69.08
2025-11-01,Southwest,Office Supplies,33,103,18325.33,11074.39,60.43
2025-11-01,Southwest,Pet Supplies,52,161,39654.29,29716.65,74.94
2025-11-01,Southwest,Sports & Outdoors,22,70,15754.59,12060.53,76.55
2025-11-01,Southwest,Toys,51,163,26882.05,16904.91,62.89
2025-11-01,West,Apparel,34,111,21171.94,14391.84,67.98
2025-11-01,West,Beauty,50,151,32021.07,21302.13,66.53
2025-11-01,West,Books,42,132,26928.99,13717.25,50.94
2025-11-01,West,Electronics,31,97,22370.38,16492.95,73.73
2025-11-01,West,Grocery,45,142,35184.67,23904.72,67.94
2025-11-01,West,Home & Kitchen,45,121,27153.11,21384.24,78.75
2025-11-01,West,Office Supplies,20,48,6727.32,2753.13,40.92
2025-11-01,West,Pet Supplies,44,120,29475.96,21228.96,72.02
2025-11-01,West,Sports & Outdoors,37,116,29447.33,24535.13,83.32
2025-11-01,West,Toys,38,105,15666.45,8843.73,56.45
2025-12-01,Midwest,Apparel,37,95,14888.08,8830.97,59.32
2025-12-01,Midwest,Beauty,49,145,31099.28,22552.68,72.52
2025-12-01,Midwest,Books,63,172,29597.22,16275.18,54.99
2025-12-01,Midwest,Electronics,35,100,21746.53,15320.53,70.45
2025-12-01,Midwest,Grocery,28,75,14109.08,8441.96,59.83
2025-12-01,Midwest,Home & Kitchen,40,115,22221.39,13662.94,61.49
2025-12-01,Midwest,Office Supplies,24,65,15342.34,10449.68,68.11
2025-12-01,Midwest,Pet Supplies,31,91,24250.64,17235.69,71.07
2025-12-01,Midwest,Sports & Outdoors,26,92,26527.45,22269.89,83.95
2025-12-01,Midwest,Toys,43,127,20434.48,12458.95,60.97
2025-12-01,Northeast,Apparel,37,103,20119.96,12415.22,61.71
2025-12-01,Northeast,Beauty,41,117,27118.44,18298.86,67.48
2025-12-01,Northeast,Books,58,176,33793.97,19829.99,58.68
2025-12-01,Northeast,Electronics,41,125,23395.82,16758.67,71.63
2025-12-01,Northeast,Grocery,28,76,14742.59,8381.64,56.85
2025-12-01,Northeast,Home & Kitchen,45,143,29358.69,18734.48,63.81
2025-12-01,Northeast,Office Supplies,32,102,16103.45,9479.82,58.87
2025-12-01,Northeast,Pet Supplies,42,124,31337.58,21730.22,69.34
2025-12-01,Northeast,Sports & Outdoors,21,53,14022.64,11362.47,81.03
2025-12-01,Northeast,Toys,36,105,21390.66,13883.31,64.90
2025-12-01,Southeast,Apparel,47,161,31479.31,21697.09,68.92
2025-12-01,Southeast,Beauty,35,117,26619.57,18417.93,69.19
2025-12-01,Southeast,Books,59,172,35512.80,21456.33,60.42
2025-12-01,Southeast,Electronics,31,95,18666.53,12849.55,68.84
2025-12-01,Southeast,Grocery,34,99,21620.36,13422.56,62.08
2025-12-01,Southeast,Home & Kitchen,40,123,18143.12,12385.90,68.27
2025-12-01,Southeast,Office Supplies,36,100,20743.86,14411.12,69.47
2025-12-01,Southeast,Pet Supplies,56,179,46550.64,32142.94,69.05
2025-12-01,Southeast,Sports & Outdoors,24,76,20174.70,16531.44,81.94
2025-12-01,Southeast,Toys,44,129,25399.12,15906.55,62.63
2025-12-01,Southwest,Apparel,44,140,26435.32,17612.03,66.62
2025-12-01,Southwest,Beauty,43,137,27781.13,17301.75,62.28
2025-12-01,Southwest,Books,60,178,32910.96,18930.86,57.52
2025-12-01,Southwest,Electronics,37,115,23075.05,14061.75,60.94
2025-12-01,Southwest,Grocery,42,122,23676.66,13914.32,58.77
2025-12-01,Southwest,Home & Kitchen,44,133,23057.20,15481.91,67.15
2025-12-01,Southwest,Office Supplies,32,102,19590.95,12363.99,63.11
2025-12-01,Southwest,Pet Supplies,49,141,36673.71,28136.54,76.72
2025-12-01,Southwest,Sports & Outdoors,29,84,25311.11,22220.36,87.79
2025-12-01,Southwest,Toys,50,160,31371.92,20719.27,66.04
2025-12-01,West,Apparel,33,102,17525.08,9953.90,56.80
2025-12-01,West,Beauty,39,113,24004.91,16994.48,70.80
2025-12-01,West,Books,64,185,33092.79,17441.77,52.71
2025-12-01,West,Electronics,28,82,16552.88,9881.50,59.70
2025-12-01,West,Grocery,30,78,14226.30,7220.41,50.75
2025-12-01,West,Home & Kitchen,48,169,34834.18,24036.25,69.00
2025-12-01,West,Office Supplies,25,75,16490.60,11258.01,68.27
2025-12-01,West,Pet Supplies,60,178,44306.69,30729.35,69.36
2025-12-01,West,Sports & Outdoors,26,69,20670.81,17617.84,85.23
2025-12-01,West,Toys,43,136,22612.75,11986.63,53.01
2026-01-01,Midwest,Apparel,44,133,29125.59,21326.15,73.22
2026-01-01,Midwest,Beauty,41,114,26180.31,20862.05,79.69
2026-01-01,Midwest,Books,57,171,31379.18,18501.45,58.96
2026-01-01,Midwest,Electronics,38,123,28660.69,22277.12,77.73
2026-01-01,Midwest,Grocery,34,108,17191.64,8852.78,51.49
2026-01-01,Midwest,Home & Kitchen,37,105,21660.85,14802.52,68.34
2026-01-01,Midwest,Office Supplies,31,86,19302.42,12960.47,67.14
2026-01-01,Midwest,Pet Supplies,37,116,30521.04,22812.54,74.74
2026-01-01,Midwest,Sports & Outdoors,32,82,25528.69,22570.15,88.41
2026-01-01,Midwest,Toys,57,180,28707.98,16746.33,58.33
2026-01-01,Northeast,Apparel,39,115,22594.05,15010.00,66.43
2026-01-01,Northeast,Beauty,50,136,30176.95,20242.45,67.08
2026-01-01,Northeast,Books,67,193,36198.08,18772.48,51.86
2026-01-01,Northeast,Electronics,31,93,16533.96,11108.71,67.19
2026-01-01,Northeast,Grocery,31,91,16761.65,9754.67,58.20
2026-01-01,Northeast,Home & Kitchen,39,109,17355.76,10663.78,61.44
2026-01-01,Northeast,Office Supplies,33,106,21302.13,13568.24,63.69
2026-01-01,Northeast,Pet Supplies,52,163,41808.43,32300.64,77.26
2026-01-01,Northeast,Sports & Outdoors,29,80,20952.74,17377.11,82.93
2026-01-01,Northeast,Toys,40,115,17479.15,8355.62,47.80
2026-01-01,Southeast,Apparel,36,100,18857.46,12688.51,67.29
2026-01-01,Southeast,Beauty,39,123,27948.64,21075.24,75.41
2026-01-01,Southeast,Books,67,167,31872.45,19601.64,61.50
2026-01-01,Southeast,Electronics,38,122,25082.94,16879.72,67.30
2026-01-01,Southeast,Grocery,23,76,15564.84,9520.34,61.17
2026-01-01,Southeast,Home & Kitchen,40,131,23898.77,18083.23,75.67
2026-01-01,Southeast,Office Supplies,22,68,13682.80,7997.69,58.45
2026-01-01,Southeast,Pet Supplies,53,154,37800.12,27693.61,73.26
2026-01-01,Southeast,Sports & Outdoors,28,82,26099.92,23660.12,90.65
2026-01-01,Southeast,Toys,51,156,26850.23,15485.15,57.67
2026-01-01,Southwest,Apparel,43,141,26832.58,17782.75,66.27
2026-01-01,Southwest,Beauty,52,162,39363.39,30635.92,77.83
2026-01-01,Southwest,Books,63,207,36860.43,20839.91,56.54
2026-01-01,Southwest,Electronics,41,121,24527.32,15662.78,63.86
2026-01-01,Southwest,Grocery,27,99,19991.76,12626.58,63.16
2026-01-01,Southwest,Home & Kitchen,45,137,24296.45,16531.78,68.04
2026-01-01,Southwest,Office Supplies,27,69,17270.01,11848.65,68.61
2026-01-01,Southwest,Pet Supplies,45,140,36622.29,25997.88,70.99
2026-01-01,Southwest,Sports & Outdoors,29,94,25812.55,22017.98,85.30
2026-01-01,Southwest,Toys,51,147,30850.52,19000.08,61.59
2026-01-01,West,Apparel,48,142,28158.15,16474.62,58.51
2026-01-01,West,Beauty,38,122,25241.66,17337.24,68.69
2026-01-01,West,Books,60,183,33074.80,21261.28,64.28
2026-01-01,West,Electronics,44,136,26607.88,16738.41,62.91
2026-01-01,West,Grocery,36,112,23785.15,15388.21,64.70
2026-01-01,West,Home & Kitchen,44,117,17024.97,10335.00,60.70
2026-01-01,West,Office Supplies,27,85,14281.50,8070.39,56.51
2026-01-01,West,Pet Supplies,63,200,47984.63,33504.67,69.82
2026-01-01,West,Sports & Outdoors,19,66,18142.83,14846.59,81.83
2026-01-01,West,Toys,49,135,20670.56,12078.50,58.43
2026-02-01,Midwest,Apparel,39,131,28720.40,18915.24,65.86
2026-02-01,Midwest,Beauty,46,139,32591.11,24197.09,74.24
2026-02-01,Midwest,Books,59,186,33044.20,19223.72,58.18
2026-02-01,Midwest,Electronics,22,67,11930.13,7118.86,59.67
2026-02-01,Midwest,Grocery,41,119,19896.38,10828.48,54.42
2026-02-01,Midwest,Home & Kitchen,44,129,29206.17,22704.91,77.74
2026-02-01,Midwest,Office Supplies,30,86,17396.23,11063.31,63.60
2026-02-01,Midwest,Pet Supplies,45,137,36873.11,26546.24,71.99
2026-02-01,Midwest,Sports & Outdoors,22,64,18923.59,15830.60,83.66
2026-02-01,Midwest,Toys,46,136,24195.02,12968.60,53.60
2026-02-01,Northeast,Apparel,36,106,17817.03,10767.15,60.43
2026-02-01,Northeast,Beauty,39,107,22799.70,17027.16,74.68
2026-02-01,Northeast,Books,59,176,39065.02,24929.99,63.82
2026-02-01,Northeast,Electronics,28,71,12885.91,7303.61,56.68
2026-02-01,Northeast,Grocery,27,73,17607.01,11283.47,64.09
2026-02-01,Northeast,Home & Kitchen,37,119,25864.42,17118.18,66.18
2026-02-01,Northeast,Office Supplies,17,49,10024.73,6987.64,69.70
2026-02-01,Northeast,Pet Supplies,43,129,33507.68,24060.16,71.80
2026-02-01,Northeast,Sports & Outdoors,11,34,8250.67,5866.26,71.10
2026-02-01,Northeast,Toys,30,93,15208.83,9015.11,59.28
2026-02-01,Southeast,Apparel,31,93,19347.35,13874.57,71.71
2026-02-01,Southeast,Beauty,37,122,27180.95,19315.58,71.06
2026-02-01,Southeast,Books,59,178,26839.39,13368.42,49.81
2026-02-01,Southeast,Electronics,25,56,9276.54,5421.87,58.45
2026-02-01,Southeast,Grocery,36,126,23582.28,14204.80,60.24
2026-02-01,Southeast,Home & Kitchen,42,132,24475.09,15622.57,63.83
2026-02-01,Southeast,Office Supplies,18,56,13731.71,9185.22,66.89
2026-02-01,Southeast,Pet Supplies,37,101,27612.09,19882.53,72.01
2026-02-01,Southeast,Sports & Outdoors,21,73,20284.27,16637.03,82.02
2026-02-01,Southeast,Toys,55,160,24825.74,15001.76,60.43
2026-02-01,Southwest,Apparel,36,114,20760.12,13390.38,64.50
2026-02-01,Southwest,Beauty,40,109,22364.27,17104.91,76.48
2026-02-01,Southwest,Books,52,145,26442.47,15358.16,58.08
2026-02-01,Southwest,Electronics,38,123,20051.81,12019.98,59.94
2026-02-01,Southwest,Grocery,45,141,24713.87,12224.86,49.47
2026-02-01,Southwest,Home & Kitchen,41,125,26003.90,19196.51,73.82
2026-02-01,Southwest,Office Supplies,21,59,11952.52,6617.10,55.36
2026-02-01,Southwest,Pet Supplies,56,172,44533.02,32148.31,72.19
2026-02-01,Southwest,Sports & Outdoors,31,89,25704.94,22003.34,85.60
2026-02-01,Southwest,Toys,43,138,24861.33,16009.17,64.39
2026-02-01,West,Apparel,30,85,17509.52,12854.04,73.41
2026-02-01,West,Beauty,32,97,18401.53,10720.47,58.26
2026-02-01,West,Books,55,165,37701.96,23829.48,63.20
2026-02-01,West,Electronics,36,112,23029.35,15217.87,66.08
2026-02-01,West,Grocery,35,102,20213.97,11023.87,54.54
2026-02-01,West,Home & Kitchen,25,67,11363.42,6950.20,61.16
2026-02-01,West,Office Supplies,28,77,16869.02,11530.46,68.35
2026-02-01,West,Pet Supplies,40,119,30540.51,20846.26,68.26
2026-02-01,West,Sports & Outdoors,20,57,16131.47,13786.34,85.46
2026-02-01,West,Toys,38,115,20342.68,12853.00,63.18
2026-03-01,Midwest,Apparel,46,144,29230.39,19288.46,65.99
2026-03-01,Midwest,Beauty,53,165,36126.54,28303.27,78.34
2026-03-01,Midwest,Books,75,235,42014.41,23384.55,55.66
2026-03-01,Midwest,Electronics,31,91,22153.42,15844.83,71.52
2026-03-01,Midwest,Grocery,26,73,17442.58,12289.61,70.46
2026-03-01,Midwest,Home & Kitchen,46,130,24265.99,17158.59,70.71
2026-03-01,Midwest,Office Supplies,36,115,19144.48,9226.38,48.19
2026-03-01,Midwest,Pet Supplies,47,157,44460.98,34054.25,76.59
2026-03-01,Midwest,Sports & Outdoors,29,89,22526.67,18908.96,83.94
2026-03-01,Midwest,Toys,38,123,19864.80,10496.57,52.84
2026-03-01,Northeast,Apparel,37,98,17904.38,11544.04,64.48
2026-03-01,Northeast,Beauty,36,113,24345.12,15465.93,63.53
2026-03-01,Northeast,Books,59,191,36317.05,21131.84,58.19
2026-03-01,Northeast,Electronics,39,129,23292.30,13947.40,59.88
2026-03-01,Northeast,Grocery,30,87,17530.42,10414.88,59.41
2026-03-01,Northeast,Home & Kitchen,41,116,23460.92,17217.85,73.39
2026-03-01,Northeast,Office Supplies,27,82,14353.61,8335.82,58.07
2026-03-01,Northeast,Pet Supplies,39,116,26553.03,18193.97,68.52
2026-03-01,Northeast,Sports & Outdoors,19,56,16560.96,14959.95,90.33
2026-03-01,Northeast,Toys,37,113,22992.66,13565.86,59.00
2026-03-01,Southeast,Apparel,33,96,19367.03,13166.17,67.98
2026-03-01,Southeast,Beauty,34,107,26393.68,20482.22,77.60
2026-03-01,Southeast,Books,60,206,35987.15,21674.22,60.23
2026-03-01,Southeast,Electronics,32,86,18871.19,11512.86,61.01
2026-03-01,Southeast,Grocery,37,106,20501.05,11184.52,54.56
2026-03-01,Southeast,Home & Kitchen,33,96,20581.19,15906.81,77.29
2026-03-01,Southeast,Office Supplies,24,71,16597.71,11729.11,70.67
2026-03-01,Southeast,Pet Supplies,46,139,33983.51,26625.10,78.35
2026-03-01,Southeast,Sports & Outdoors,22,76,21127.98,17295.76,81.86
2026-03-01,Southeast,Toys,36,115,15775.50,8980.47,56.93
2026-03-01,Southwest,Apparel,40,133,29696.02,21160.75,71.26
2026-03-01,Southwest,Beauty,50,141,32711.92,24780.94,75.76
2026-03-01,Southwest,Books,60,183,35906.48,23017.32,64.10
2026-03-01,Southwest,Electronics,34,106,21703.59,14831.22,68.34
2026-03-01,Southwest,Grocery,41,124,17862.98,6337.23,35.48
2026-03-01,Southwest,Home & Kitchen,37,107,19790.68,12773.66,64.54
2026-03-01,Southwest,Office Supplies,20,53,12824.63,8252.20,64.35
2026-03-01,Southwest,Pet Supplies,41,136,36784.51,28297.81,76.93
2026-03-01,Southwest,Sports & Outdoors,38,127,34282.74,28538.72,83.25
2026-03-01,Southwest,Toys,43,129,25637.53,16392.30,63.94
2026-03-01,West,Apparel,62,194,37199.88,23679.21,63.65
2026-03-01,West,Beauty,38,113,22903.55,15520.08,67.76
2026-03-01,West,Books,72,224,38450.23,18726.90,48.70
2026-03-01,West,Electronics,35,110,26271.59,18155.65,69.11
2026-03-01,West,Grocery,34,87,18021.67,10844.48,60.17
2026-03-01,West,Home & Kitchen,43,122,23202.77,15896.58,68.51
2026-03-01,West,Office Supplies,27,79,13825.89,7556.70,54.66
2026-03-01,West,Pet Supplies,41,103,26587.09,19321.99,72.67
2026-03-01,West,Sports & Outdoors,23,68,19028.10,16346.64,85.91
2026-03-01,West,Toys,33,107,21037.46,13464.51,64.00
2026-04-01,Midwest,Apparel,31,80,14852.80,9105.83,61.31
2026-04-01,Midwest,Beauty,36,103,25631.80,20322.67,79.29
2026-04-01,Midwest,Books,59,189,33861.94,16366.36,48.33
2026-04-01,Midwest,Electronics,39,98,20568.03,13911.70,67.64
2026-04-01,Midwest,Grocery,28,79,15373.70,8847.64,57.55
2026-04-01,Midwest,Home & Kitchen,52,139,22565.40,16575.55,73.46
2026-04-01,Midwest,Office Supplies,36,124,25378.91,16523.41,65.11
2026-04-01,Midwest,Pet Supplies,54,167,43266.05,31137.10,71.97
2026-04-01,Midwest,Sports & Outdoors,19,48,13235.85,11209.01,84.69
2026-04-01,Midwest,Toys,37,113,19691.70,12398.09,62.96
2026-04-01,Northeast,Apparel,40,135,25203.43,15526.45,61.60
2026-04-01,Northeast,Beauty,47,153,32062.11,23899.87,74.54
2026-04-01,Northeast,Books,59,182,40726.09,26739.87,65.66
2026-04-01,Northeast,Electronics,39,104,17438.26,11255.83,64.55
2026-04-01,Northeast,Grocery,25,84,19182.96,12800.23,66.73
2026-04-01,Northeast,Home & Kitchen,40,133,20534.45,12693.97,61.82
2026-04-01,Northeast,Office Supplies,28,87,17564.76,10398.72,59.20
2026-04-01,Northeast,Pet Supplies,52,167,38595.44,26011.22,67.39
2026-04-01,Northeast,Sports & Outdoors,30,93,22807.53,18374.07,80.56
2026-04-01,Northeast,Toys,41,120,23191.95,14428.63,62.21
2026-04-01,Southeast,Apparel,46,128,26095.69,18070.68,69.25
2026-04-01,Southeast,Beauty,48,136,29973.85,21766.41,72.62
2026-04-01,Southeast,Books,61,168,33235.87,18066.61,54.36
2026-04-01,Southeast,Electronics,25,92,15847.83,9775.47,61.68
2026-04-01,Southeast,Grocery,25,68,13617.98,7469.84,54.85
2026-04-01,Southeast,Home & Kitchen,33,101,23180.78,15348.22,66.21
2026-04-01,Southeast,Office Supplies,19,67,13112.61,8246.29,62.89
2026-04-01,Southeast,Pet Supplies,46,143,36132.16,26345.16,72.91
2026-04-01,Southeast,Sports & Outdoors,24,65,15439.49,12005.14,77.76
2026-04-01,Southeast,Toys,32,91,17170.32,9430.15,54.92
2026-04-01,Southwest,Apparel,50,153,25320.26,16422.86,64.86
2026-04-01,Southwest,Beauty,43,140,32440.65,25010.34,77.10
2026-04-01,Southwest,Books,63,165,29967.81,18562.08,61.94
2026-04-01,Southwest,Electronics,42,128,27214.84,16793.31,61.71
2026-04-01,Southwest,Grocery,34,107,14734.79,6037.06,40.97
2026-04-01,Southwest,Home & Kitchen,53,168,29451.32,18469.79,62.71
2026-04-01,Southwest,Office Supplies,28,92,18475.65,12397.76,67.10
2026-04-01,Southwest,Pet Supplies,40,111,27025.80,18548.99,68.63
2026-04-01,Southwest,Sports & Outdoors,26,73,18593.54,15817.07,85.07
2026-04-01,Southwest,Toys,42,134,24446.29,16199.80,66.27
2026-04-01,West,Apparel,49,139,24348.63,15216.63,62.49
2026-04-01,West,Beauty,48,135,28281.16,18281.90,64.64
2026-04-01,West,Books,56,155,25409.11,12064.52,47.48
2026-04-01,West,Electronics,31,102,25148.04,18495.70,73.55
2026-04-01,West,Grocery,26,70,12186.00,5741.89,47.12
2026-04-01,West,Home & Kitchen,48,145,22458.91,15818.82,70.43
2026-04-01,West,Office Supplies,37,117,27037.26,18447.93,68.23
2026-04-01,West,Pet Supplies,48,140,33244.29,22167.81,66.68
2026-04-01,West,Sports & Outdoors,22,65,18060.00,15129.26,83.77
2026-04-01,West,Toys,35,124,20476.42,11068.22,54.05
2026-05-01,Midwest,Apparel,36,98,17199.30,10009.47,58.20
2026-05-01,Midwest,Beauty,42,133,26357.25,17811.06,67.58
2026-05-01,Midwest,Books,57,193,34234.71,20081.40,58.66
2026-05-01,Midwest,Electronics,33,110,18722.30,12683.76,67.75
2026-05-01,Midwest,Grocery,31,81,15429.20,9029.20,58.52
2026-05-01,Midwest,Home & Kitchen,54,157,31308.09,22503.79,71.88
2026-05-01,Midwest,Office Supplies,28,87,15201.99,8114.14,53.38
2026-05-01,Midwest,Pet Supplies,47,136,37346.54,27297.51,73.09
2026-05-01,Midwest,Sports & Outdoors,25,80,22803.27,19561.74,85.78
2026-05-01,Midwest,Toys,50,140,21787.43,13035.22,59.83
2026-05-01,Northeast,Apparel,35,106,21093.27,13666.17,64.79
2026-05-01,Northeast,Beauty,51,161,35822.91,26456.52,73.85
2026-05-01,Northeast,Books,49,142,24314.16,13198.56,54.28
2026-05-01,Northeast,Electronics,39,115,23389.69,12387.55,52.96
2026-05-01,Northeast,Grocery,30,98,18320.23,10502.56,57.33
2026-05-01,Northeast,Home & Kitchen,45,155,31953.99,20266.09,63.42
2026-05-01,Northeast,Office Supplies,26,82,21517.25,15201.40,70.65
2026-05-01,Northeast,Pet Supplies,41,125,29998.71,20402.14,68.01
2026-05-01,Northeast,Sports & Outdoors,20,62,20664.63,18698.28,90.48
2026-05-01,Northeast,Toys,50,165,29795.69,17963.46,60.29
2026-05-01,Southeast,Apparel,36,103,17821.10,11961.42,67.12
2026-05-01,Southeast,Beauty,43,126,28099.77,21063.85,74.96
2026-05-01,Southeast,Books,66,201,36277.59,19763.75,54.48
2026-05-01,Southeast,Electronics,20,63,12640.69,6700.11,53.00
2026-05-01,Southeast,Grocery,23,64,13921.66,8732.28,62.72
2026-05-01,Southeast,Home & Kitchen,40,124,24349.35,15148.51,62.21
2026-05-01,Southeast,Office Supplies,30,94,19239.21,12556.68,65.27
2026-05-01,Southeast,Pet Supplies,41,127,34097.84,25774.41,75.59
2026-05-01,Southeast,Sports & Outdoors,29,92,25693.10,21592.97,84.04
2026-05-01,Southeast,Toys,27,103,16769.39,10493.60,62.58
2026-05-01,Southwest,Apparel,46,125,23564.30,16183.56,68.68
2026-05-01,Southwest,Beauty,48,157,35434.00,26122.00,73.72
2026-05-01,Southwest,Books,69,189,35279.14,18888.22,53.54
2026-05-01,Southwest,Electronics,55,173,33564.94,19531.02,58.19
2026-05-01,Southwest,Grocery,46,140,27308.45,15167.15,55.54
2026-05-01,Southwest,Home & Kitchen,61,171,37082.53,24376.35,65.74
2026-05-01,Southwest,Office Supplies,41,113,26200.54,19016.54,72.58
2026-05-01,Southwest,Pet Supplies,57,173,36741.89,23757.26,64.66
2026-05-01,Southwest,Sports & Outdoors,26,81,20725.77,16503.01,79.63
2026-05-01,Southwest,Toys,45,160,26169.19,16070.20,61.41
2026-05-01,West,Apparel,50,152,32319.82,21696.24,67.13
2026-05-01,West,Beauty,56,182,40191.13,30011.81,74.67
2026-05-01,West,Books,61,174,38389.05,23536.89,61.31
2026-05-01,West,Electronics,35,112,21349.74,12733.57,59.64
2026-05-01,West,Grocery,41,114,24603.92,15006.30,60.99
2026-05-01,West,Home & Kitchen,39,121,28940.46,21611.84,74.68
2026-05-01,West,Office Supplies,34,98,20396.79,13409.81,65.74
2026-05-01,West,Pet Supplies,48,158,41808.04,29720.69,71.09
2026-05-01,West,Sports & Outdoors,24,69,19785.95,17246.93,87.17
2026-05-01,West,Toys,50,162,27533.89,15724.49,57.11
2026-06-01,Midwest,Apparel,39,113,17000.19,9486.27,55.80
2026-06-01,Midwest,Beauty,52,153,32565.39,22935.75,70.43
2026-06-01,Midwest,Books,59,157,32214.38,20770.20,64.47
2026-06-01,Midwest,Electronics,47,128,29527.57,20103.71,68.08
2026-06-01,Midwest,Grocery,31,92,14658.81,7166.24,48.89
2026-06-01,Midwest,Home & Kitchen,34,105,24844.28,18966.13,76.34
2026-06-01,Midwest,Office Supplies,26,78,17195.74,11342.92,65.96
2026-06-01,Midwest,Pet Supplies,45,126,31960.48,22949.77,71.81
2026-06-01,Midwest,Sports & Outdoors,29,90,19137.27,14536.20,75.96
2026-06-01,Midwest,Toys,28,79,18392.47,12496.84,67.95
2026-06-01,Northeast,Apparel,36,108,22876.10,14087.19,61.58
2026-06-01,Northeast,Beauty,38,121,22433.88,15002.17,66.87
2026-06-01,Northeast,Books,55,182,36488.71,20971.34,57.47
2026-06-01,Northeast,Electronics,29,93,15714.38,8034.54,51.13
2026-06-01,Northeast,Grocery,20,65,10644.06,5141.77,48.31
2026-06-01,Northeast,Home & Kitchen,37,105,23837.78,17395.94,72.98
2026-06-01,Northeast,Office Supplies,24,73,15214.26,9856.29,64.78
2026-06-01,Northeast,Pet Supplies,40,126,31145.21,22325.51,71.68
2026-06-01,Northeast,Sports & Outdoors,27,83,24282.82,20385.15,83.95
2026-06-01,Northeast,Toys,39,110,19697.36,12506.22,63.49
2026-06-01,Southeast,Apparel,44,141,25569.44,16229.55,63.47
2026-06-01,Southeast,Beauty,40,130,29766.96,21945.02,73.72
2026-06-01,Southeast,Books,63,187,43821.78,30505.11,69.61
2026-06-01,Southeast,Electronics,39,130,28501.79,18301.63,64.21
2026-06-01,Southeast,Grocery,23,70,12100.99,5832.23,48.20
2026-06-01,Southeast,Home & Kitchen,49,149,29040.23,19633.55,67.61
2026-06-01,Southeast,Office Supplies,28,81,15142.47,9021.90,59.58
2026-06-01,Southeast,Pet Supplies,50,148,34358.42,23320.82,67.88
2026-06-01,Southeast,Sports & Outdoors,18,53,15414.56,13014.34,84.43
2026-06-01,Southeast,Toys,38,118,21615.85,13259.51,61.34
2026-06-01,Southwest,Apparel,55,158,26095.91,14633.98,56.08
2026-06-01,Southwest,Beauty,48,123,28224.89,21517.10,76.23
2026-06-01,Southwest,Books,77,238,42652.78,23303.42,54.64
2026-06-01,Southwest,Electronics,49,120,25191.66,16573.39,65.79
2026-06-01,Southwest,Grocery,27,77,16096.75,9921.97,61.64
2026-06-01,Southwest,Home & Kitchen,40,120,21669.64,14508.98,66.96
2026-06-01,Southwest,Office Supplies,31,96,19220.84,11614.82,60.43
2026-06-01,Southwest,Pet Supplies,66,197,51482.76,36717.97,71.32
2026-06-01,Southwest,Sports & Outdoors,22,69,21098.18,18465.90,87.52
2026-06-01,Southwest,Toys,50,139,24282.87,14320.88,58.98
2026-06-01,West,Apparel,35,107,18402.48,11127.79,60.47
2026-06-01,West,Beauty,27,82,17617.77,12354.00,70.12
2026-06-01,West,Books,48,145,29703.97,19116.33,64.36
2026-06-01,West,Electronics,31,90,15920.68,9422.47,59.18
2026-06-01,West,Grocery,24,73,16252.00,10770.27,66.27
2026-06-01,West,Home & Kitchen,40,108,21666.15,13428.53,61.98
2026-06-01,West,Office Supplies,28,79,15622.79,9685.86,62.00
2026-06-01,West,Pet Supplies,39,118,29673.12,20793.02,70.07
2026-06-01,West,Sports & Outdoors,24,73,20028.44,16197.10,80.87
2026-06-01,West,Toys,40,112,17534.40,9440.42,53.84
